cell_000,cell_001,cell_002,cell_003,cell_004
0.002514604421867866,0.023678038234200397,0.008385096684218593,-0.007769566299948818,0.01704057320676833
-0.0026420972658260378,0.00607653690055586,0.13419602194738964,-0.0036335356816289523,0.006577708128864542
0.012808453008865642,0.0038410870057972125,0.23414704509849432,-0.021120977862114483,-0.002337238948899443
0.002098002343060794,0.005318868963524348,0.26209857456545244,-0.010786744944038081,0.019564603321016588
-0.010713387463222219,-0.027323157524817336,0.22931340047814203,0.007988210975917492,0.025707638389442983
0.007231901098189695,-0.007791069472762622,0.16526269591071807,-0.03056368103556603,-0.015318849394981205
0.026080000902602745,-0.019128913077633935,0.0034648895725999107,0.011008204118586957,-0.00720907784009702
0.018941619262584843,0.003948273046286305,-0.1002288359783891,0.02180464195512184,0.0021416697446719306
-0.014074704716139853,-0.010879962608070042,-0.2185213879502221,0.03744566644749286,0.03324057340891764
-0.025308429420921052,-0.0008811824299949704,-0.25733505784999056,0.01903503008432948,0.007990865916130433
-0.012465489250747044,-0.0015458512652188436,-0.18831891140738147,0.03265910833775311,0.004720835756654373
0.000826519586944872,-0.0007274076981002642,-0.1572705325339646,0.014787684600568105,0.040087186799997156
-0.04650061549277669,-0.000694942438230598,-0.06125719607821155,0.03759534441908314,-0.004752711048670136
-0.004375833278650915,-0.013047562127671965,0.04760526610080005,0.008927850438304687,0.019570027747484658
-0.024918218945061302,-0.021080055911130685,0.10143087997646118,0.04656457142011148,-0.013526751662408954
-0.014645347094069033,-0.013287126187072512,0.19448808358050196,0.015087047954414387,0.001941449403005339
-0.010885179657146199,0.021430766812872967,0.17485707717641485,-0.009892324263154052,0.01830023817532236
-0.006326003127383091,0.0074832361292970564,0.10071937306088743,0.0030666449635722726,-0.01432818924175727
0.008232610727482657,0.011739107211840311,0.05160770675367343,-0.03732088711143222,-0.013164265450974145
0.020850267388853552,0.027599358326086953,-0.02727302667894988,0.019963861056961667,-0.0026306182955635094
-0.0025706932588806853,-0.023588618663463262,-0.04656506500881327,-0.011344697654005484,0.02999248257268472
0.027329269410993718,0.010199048429636428,-0.09436585564358803,0.017366786908312275,-0.03301983357976134
-0.013303893469732271,-0.021501482104054906,-0.050754054054066536,0.03574392814879353,-0.01187892417876017
0.007030201401860395,-0.006686651977337758,-0.0017213079597450907,-0.009088997948495254,0.019826267383958502
0.018069403633036173,0.009684796855413113,-0.00014924355840619657,-0.00905776631932903,-0.04390981256939323
0.0018802459552174913,0.03228690534272848,-0.011801787742375416,-0.013019905410476606,0.03783428568963486
-0.014869984987076168,-0.01564329884950377,0.009920530544137314,-0.002361072707974714,0.0032834281928434497
-0.01843450752516839,-0.001895925071876854,0.007264155199255266,0.035031013881022824,0.040097597846617594
-0.009154516513346783,0.023124736079098346,-0.04148478744581754,0.017237732375695865,-0.018957080812740345
0.004403902469400988,-0.029796162387307448,-0.06556172101685906,-0.002461017289122616,0.016552931166646502
-0.02019236367077472,0.007242258294131223,-0.07053505613410942,0.015331517951292064,-0.01302379606506311
-0.004183511497434261,-0.006165563007957689,-0.005128691577499496,-0.045417057981053346,0.0056984967080954485
-0.0031845001982895543,-0.01763389942940112,0.08546727827213457,-8.459295635367473e-06,-0.014795878342836462
0.010816911693716154,0.0029326164614721733,0.07102167234122178,-0.0572186476196409,-0.012705473905842693
0.004293182450126818,0.01189851723693648,0.17744653722860945,0.02373966536084063,-0.034338090860480286
0.007107454180798428,-0.0182419952465242,0.17066093579356362,-0.04028522887840999,-0.056692914301713485
-0.013076572188366789,0.0075997956369348255,0.16117115779135974,0.015770573995820485,-0.001119265446544963
-0.002592272673855389,0.003467399792401946,0.04851328243729214,-0.0116824014701912,0.0472609922287134
0.01567950940122659,-0.02483626612005429,-0.09766058771506532,0.058887585524321134,-0.0058565626415690185
0.029868622904415214,0.031068257338802457,-0.11840703531000873,-0.01652804055888632,-0.009730659849569992
-0.025181310642082403,0.021798053396402905,-0.25401392317183386,0.0029340792198680066,0.009789860511881566
0.030278475494781253,-0.01719853495778236,-0.23280536255977036,0.043773087604864244,-0.013401362616412652
0.02691750847564609,-0.011732617654616919,-0.20511317619042302,0.01885372059992846,-0.010289008298783263
0.01562622801400855,0.015415604674951362,-0.1007184420960751,0.013832697822404903,-0.025239627664690515
0.005289112606586071,-0.009908980947657442,0.037712045173220174,0.00445171266473622,-0.018572994439029714
-0.006278456290728556,-0.036794372104452376,0.15678777695466312,0.009980832729741812,0.021554058883926357
0.029160413670739176,0.02097764224801454,0.26665175116706447,-0.008145616361899243,-0.017035160093250103
0.03920516632899929,0.0001756284593154607,0.3002581797616613,0.0020466211330503453,0.004045246865337448
0.036032697397322504,0.03814052381929835,0.26733305552078745,0.0028075103011543498,-0.007390321357197769
0.0263020752946874,0.007149342463379723,0.14674134318536908,0.016491802208316378,-0.017383646832275657
0.00714760821317912,0.003819849787660257,0.00637384316930617,0.0016247547089546365,0.006210924716019583
0.7696532874668577,0.825944720220751,-0.11767722255269442,0.015060401274963291,0.016532026861225787
0.7881552122917489,0.7963653259237985,-0.2693414804782404,-0.0334201334044166,-0.024450054400142467
0.7969491588140278,0.7580150089800414,-0.2927018014284097,0.022855420750965437,0.006977523244487024
0.7552116403991059,0.7171172829478151,-0.25335382374088816,0.0023103392688100747,0.01572429811542048
0.7879024412036402,0.663936572831174,-0.14699637026358459,0.02470070191763677,-0.006124763341608495
0.7895761435705416,0.5784688720434027,-0.03623121089902667,0.0015952603840550077,-0.0015953962842650891
0.7977405145917585,0.5974019052636892,0.10191369390760355,-0.011716083382902366,9.902163088495525e-05
0.7645619356190069,0.6841265532510431,0.19566283186943692,-0.007156933854854147,0.0040715894660316235
0.7805856086717204,0.6842284595764991,0.2736168875472367,-0.032991474573230206,-0.022558956146132028
0.7912712950571357,0.7732520784698692,0.22440282427613972,-0.014033157365000853,-0.010316984807552698
0.7827843017320416,0.8063923868954436,0.17194163512357324,-0.005036432124306353,0.008270894744056113
0.8465430625884521,0.7250776569454062,0.05234863572740196,-0.005011253214154658,-0.015173794405650498
0.8062621253186559,0.6306578820777111,-0.050455088484792826,-0.03910165896595749,-0.0017307878009042233
0.8256005229151071,0.648028627921984,-0.155365188538177,0.004998658037236511,-0.0014542292264481038
0.8148285490905216,0.5766836452250191,-0.16657085673513017,-0.023156581913171635,-0.015591377559940396
0.8506905879019456,0.6413573216506298,-0.15849367048693855,-0.005546951791874669,0.0026620868319400044
0.8425875596291357,0.7174143587306712,-0.14103128540031815,0.017653439088158338,0.02615387234476735
0.8244227575023478,0.7860956804297555,-0.06183075127701085,-0.011639207089744856,-0.015860891950410662
0.762110142274566,0.7908386210347899,0.004764426444951961,0.0017554094447676223,-0.012310909896223434
0.8010405794851978,0.7571592236579052,0.023916597829702832,-0.0029250982477991624,-0.0032079023614161573
0.8074933839280318,0.6886165682250884,0.04316312591687458,0.018096100941393748,-0.10857709824829338
0.808323526470994,0.6212151471470927,0.08549473422035683,-0.014601125111264589,-0.08049176318607545
0.7714615192183492,0.6020628039710376,0.011147056252511896,-0.021725971587597384,-0.07784539898409731
0.8174190969406635,0.5839667756508041,-0.008058690634568466,-0.031662276853359136,-0.062200585481933406
0.7535913805997342,0.708821293955351,-0.027915222225873122,0.05351912094902858,0.0066979318152213035
0.7677483092377926,0.7403655766332475,0.0336225074075192,0.023380566841091507,0.04161806997707513
0.8025206598747816,0.7564697626182459,0.05011086799746982,0.04166249462885889,0.08291215566242235
0.7892253872306568,0.8046782824074031,0.06246780047600935,0.0009625443213736734,0.06523549004957473
0.8338675117854063,0.686823017772448,0.06919121534028747,0.029740048174303473,0.10354410623601201
0.8037703838502493,0.6448188568898371,0.04465321460952882,-0.00302552000477835,0.089211121929034
0.7935164580836545,0.5863200451858337,0.008153288950009973,-0.020997777053921366,0.08511061858934704
0.8042044349411933,0.6019978831323889,-0.06050503817851736,0.019426109095342252,0.11113051130491958
0.7943574175351151,0.6848041066551582,-0.09819392725351596,-0.00526106732034397,0.08545672945024227
0.7934675269981709,0.7272108682263415,-0.14405686128211412,0.003944772484808248,0.09021975867501804
0.8326082298153648,0.8025591371378147,-0.1494525298420112,0.005288711404423501,0.06462851191259103
0.8306444465741593,0.7980965547714621,-0.0899261235467558,0.007012059622297041,0.01729444711602163
0.8420715162763214,0.7601014135471911,-0.03692861011101761,-0.010629268776406412,-0.009486521163022555
0.7966635892206508,0.6564632803215906,0.06707670608660066,-0.05389441895438686,-0.033253518729250975
0.8399624889363724,0.6304489398206822,0.17830974266789407,-0.032523985545893495,-0.05000054809624885
0.7942522458438267,0.6393082425053258,0.19998606813122066,0.0017993242069204302,-0.040627969346206105
0.8253078256893929,0.6835582781782371,0.24890641628458465,0.029017172843418065,-0.07930227810520936
0.7795885780104986,0.7365905278523122,0.1723117125546015,-0.01068381598599305,-0.06202933777538161
0.7691099942656555,0.7934161139887814,0.1314717594341197,0.017909298375667126,-0.08731669223548853
0.7859745771052704,0.8552178242873877,-0.04481976037709887,-0.056582140596417606,-0.10335827693424258
0.8006290616973895,0.803422044405198,-0.13224268291893052,0.02171174255201564,-0.1122311564888196
0.7841990612084038,0.6721343309613941,-0.24168961201807296,-0.029557170349788255,-0.12372813570296302
0.7721090836300343,0.6414208564479871,-0.3051494034811606,-0.02562803718719112,-0.046756020539310966
0.7614199006726172,0.6122365117984442,-0.2844963741574565,-0.009676884131472215,-0.022085805078609463
0.7657892558141526,0.6329906386370976,-0.16672125965658235,0.0040598685846666045,-0.029537678983163108
0.8100536569974973,0.7030662459624426,0.020774424065118164,-0.02395498678776757,0.03497557615365536
0.825974600553215,0.7782104128421146,0.13781486088703182,0.07179591921355433,0.023578435975046386
0.8084698131933435,0.818549842389419,0.22167534236453657,0.02483726124179341,0.04769705806791766
0.7946930427229304,0.7814267215106117,0.28961044515329104,0.05807891583745304,0.09126405668959502
0.8364819733783372,0.7193291976476263,0.2967741939973116,0.039169150608220016,0.0846815006372903
0.7943921211057086,0.6690642810536063,0.19988983558075793,0.06235791762876797,0.08602017654878409
0.8047597684247177,0.6081256797956784,0.025497844994795786,0.01869689075396193,0.09262933245644994
0.8286006969583011,0.6264676570840598,-0.09376441217671386,0.04009976528200954,0.06385845581123584
0.7667528815743576,0.6949356132151037,-0.190306855711392,0.034999149342597916,0.08892047997603235
0.813907731838825,0.78084061573134,-0.27839507006592557,0.078114726960686,0.07665163349349487
0.7883671832718101,0.8196464702135231,-0.24148471499539062,0.014716812766483858,0.08315543470758381
0.7960052540620575,0.7980270043031401,-0.1663440506966472,0.09338134689400511,0.04969262999623469
0.7867302644297341,0.7409687643479901,-0.04630509397635428,0.04744008895503893,-0.0023807230755958086
0.7878619480133803,0.6387154731745041,0.04086595628635936,0.060170607952126136,0.003591992545002618
0.7948623084082371,0.6153585456354692,0.10295628429916553,0.0038672218352185164,-0.03094906388562845
0.7648326049820319,0.5841509531715683,0.17418923457510188,0.037150521591232555,-0.027456018228181306
0.8093985101203353,0.6313438437595132,0.14506060161204593,0.06800573800094767,-0.05897892048311013
0.7983415358914563,0.737879167265866,0.08680135189288865,0.07937927428221331,-0.09255570873514385
0.805118948200216,0.7824212488786866,0.022514007382880775,0.027693996649415707,-0.07735404882530741
0.8171169397347217,0.8076729149934562,-0.018301038721321484,0.06839698617631121,-0.10726376301842744
0.8157517644341175,0.7462392628816876,-0.02546954911933786,0.04762220733022915,-0.11428862008944984
0.8230619134990709,0.7114907567930936,-0.07099732085948358,0.0555502235291257,-0.07959072283310695
0.8132675772607071,0.6258241193235465,-0.034640966428272496,0.0373067540842814,-0.05731762877866502
0.7876448628677044,0.6239518936978451,-0.07666933580665673,0.07100184255115721,-0.027264888583455733
0.8163202283251628,0.6450140992107671,-0.025848090220171628,0.006025928199827578,-0.02545080343849333
0.804609707196466,0.7033049807719721,-0.02515979674564119,0.05284837757925296,0.001161105817632892
0.7905662949555949,0.7588841623706543,-0.01456597277059602,0.07093063788809778,0.03937191220606879
0.8213493957057588,0.8004328243958044,-0.016342808557801927,0.056084977187604634,0.04672566182089541
0.8003847159628966,0.793611533987311,-0.06703280445664436,0.035823695838374664,0.10066163151494226
0.7855842511272698,0.7264864780395096,-0.09239623475483127,0.0530612096385524,0.0547154261225398
0.7791399783985687,0.6173097817206781,-0.03553590126566504,0.049350397980315916,0.06978128271666983
0.7991880017066795,0.6222849159820502,-0.0290841223092497,0.040235585855074855,0.09428672349068988
0.7954177339375575,0.6112890486202956,0.05247310549845787,0.06890566390182189,0.12038908622104152
0.8102688095078378,0.6914362857035918,0.09805933040166889,0.0762278993750644,0.08864551106732009
0.780700576303615,0.7342256021819596,0.16824327923008603,0.024039586497783875,0.04995628743969656
0.8008367951842564,0.8078627573826469,0.16003415523179743,0.09025939915309886,0.07431001428848351
0.8090241662095473,0.7745508675900779,0.14680718070599616,0.05585236114929984,0.01432407193169127
0.8068229728354949,0.7393995919016529,0.0634920711784425,0.05295962077210135,0.03819498097551054
0.7409382168286112,0.6572269485971387,-0.009960748673219104,0.07623372238210946,0.005559244051450913
0.8183933344965695,0.6038058434162098,-0.15983927108919554,0.04341904874154633,-0.006705144206360574
0.8067924001649729,0.5935626034986664,-0.2503328919285791,0.06887411444892572,-0.0336986621293973
0.814655766944566,0.6487530506648175,-0.2720341121432325,0.05337180212876115,-0.0551456664844881
0.8191802534005745,0.6900562949131344,-0.21450811214712362,0.05928154020337051,-0.07617020958974824
0.8238354830929143,0.8019647864182297,-0.09242042998780822,0.0674342752858713,-0.1044208536342248
0.8254094147309506,0.8174624568146368,0.02068306773458604,0.05947113426311483,-0.10182480432463648
0.8128217338292276,0.7499230477723086,0.19808444908672568,0.05152626278492969,-0.09482349988726953
0.7809884243583833,0.659871584125411,0.26692643733675203,0.0809490795235775,-0.08047593867335034
0.8140020453293506,0.6100144903260158,0.2745643002636261,0.06683193561302646,-0.07920723082293579
0.7956810680754359,0.6191496137511303,0.2420419792834828,0.06366673572015427,-0.06278714037065479
0.8277836081382568,0.6440557048747665,0.13147330394879103,0.0695726950153478,0.0035303471244253204
0.7942246698800927,0.693992928781624,0.00356534515240881,0.00821375912087647,-0.02341910846374468
0.7954891672346414,0.7864002061956799,-0.16474838533259972,0.06631169014358246,0.04646673196158167
0.7712521758419477,0.7789730577161766,-0.22566175803063862,0.09245840634890114,0.08889699146371532
0.7736072107545386,0.7647985976557592,-0.3012308663351502,0.02395604921025971,0.04811987798950423
0.7807482084403652,0.722025468290101,-0.26766566765918615,0.09351588620383265,0.11224939617564465
0.7502924963147292,0.6393032081766632,-0.14924209923545984,0.006108357847042202,0.09282548384521198
0.7869925719599891,0.589986760944027,-0.04992900767456256,0.02700254475329588,0.12912513717527693
0.781698215043546,0.56532465283957,0.09989929223360092,0.053800082550295114,0.08699747411307543
0.7645298988540459,0.6885553379757552,0.23840604645904498,0.028065071400776354,0.11639684278763322
0.7458550028045456,0.7546498036781176,0.2570346312486731,0.022277314875029677,0.06331008042150894
0.8102610426776061,0.7602472050584868,0.23670272415162041,0.04355031011108007,0.032618707070289826
0.8002286591086324,0.8024892189687722,0.14870787609012734,0.049982542793438736,0.07220856101826983
0.8011555367814862,0.7365251800932973,0.03450133671436384,0.059783579151270624,-0.004129926427881346
0.8114572472904402,0.6687642402790188,-0.016095801860302496,0.03818271763887519,-0.037948140190574985
0.855350649143526,0.6284211588849189,-0.13410618300481303,0.004610196905310435,-0.03611263731399215
0.8190039806188072,0.5900966122714977,-0.12974527124858481,0.0583618993630476,-0.06505315595042728
0.8207535155856739,0.6660959168746121,-0.17157864378208712,0.0746552237380083,-0.05322967302998983
0.7864388824939911,0.7385460717561538,-0.08626022002020742,0.04140272573446861,-0.10778365532517784
0.8447024863729715,0.7996631073354052,-0.051128278738139715,0.06822154055295891,-0.10694593043770464
0.824530099556385,0.8309478406389926,0.022177107519065375,0.0269932484869665,-0.08397738211720342
0.8213386973401037,0.7719532220843428,0.07882486243661475,0.04143041669262122,-0.10948887706853262
0.7947731147367346,0.6762355224367839,0.07633709349203609,0.03356108872983646,-0.06374013030948972
0.8065773907306425,0.658916364125192,0.07215500847903614,0.060364101502403435,-0.04694944772919668
0.7912385968143893,0.5780510762450772,0.00048811204361672716,0.03586794832440318,-0.008452706805156501
0.7932426512312771,0.6222908175199702,-0.00013916151136216838,0.0929483877055106,0.017150635229226753
0.7769561408318342,0.6807106057799123,0.04089377829664606,0.07024799022851408,-0.014455920528120307
0.7515011107132579,0.7663994946020328,0.004492140774455837,0.060694657770943086,0.010557099163394158
0.8043967470685647,0.8214470585070343,0.03811929733443155,0.07361413350780185,0.02990960483606796
0.7495451022219565,0.8030070434143904,0.05284167278483911,0.08399270110625176,0.06812014189548296
0.7890209266873404,0.72180367167251,0.05507484081858119,0.06506481510327837,0.08191775080526473
0.7959095502320068,0.6290336534991281,0.024609512310540933,0.039146720818437356,0.09077251529357054
0.7853231370678089,0.5906988629641203,-0.008993362895077869,0.056003638251461006,0.07683436962688878
0.824018167772581,0.6035032847166465,-0.013370537839442503,0.04376025135212087,0.12423978966182145
0.8121737458593077,0.6941878249299879,-0.11294048843294585,0.06139905750630864,0.06083665670570602
0.8102837638139574,0.7300445808979632,-0.18167692150203427,0.041004554909162515,0.0662987257399799
0.8303968346195529,0.8123961771377586,-0.18578640639584978,0.048327070895275805,0.07478545834822195
0.8094895495147348,0.789830823814117,-0.11343545183670709,0.06618507583746151,0.04935840775128061
0.8439599393842652,0.7402534767175083,-0.07001498146047888,0.027653519996238534,0.008393149591452261
0.8187848065695958,0.6934219124095466,0.04187910109505509,0.03934118098753128,0.006503415788685754
0.7966936801508103,0.6000106144722529,0.135903111122831,0.03656917697514087,-0.04341535005630385
0.7611147004802893,0.6381289202934327,0.20564366086863742,0.028298584236302132,-0.019137856541818314
0.7676645961744781,0.6236355794023566,0.28179299178960954,0.09125658585587212,-0.05608342299582088
0.8099809106495178,0.7083737148377554,0.19974397933507146,0.06340729057461472,-0.10545695355801388
0.7828075788502743,0.7528649644881693,0.09349657782015798,0.027139922595666825,-0.08106900793511056
0.7753163683605063,0.7832930873918713,-0.046988560578512945,0.028107983699928146,-0.10418172197762733
0.812865032284854,0.7704361671734816,-0.15345604060988824,0.04873678912478155,-0.08740242517751579
0.7553258847926191,0.7022212579428411,-0.2616906474922841,0.06848467957669102,-0.05996109373108949
0.7721065041156738,0.6290841817919013,-0.28825784821551476,0.042592654082463134,-0.08496093319830482
0.7787925414189809,0.6055391663904798,-0.2485637272719225,0.06336874862842451,-0.020065330507926585
0.8055464057431271,0.6080787498729805,-0.15138734655854846,0.013184549546783698,-0.030201605002111782
0.7867292960339191,0.673463363341474,-0.009617769424776483,0.0580871950001198,0.021882460224380732
0.7939119829152184,0.7745325107426091,0.10954287054513981,0.07838027415645998,0.03372556416136569
0.7796527171081471,0.826758812388947,0.24146547974767593,0.05692863522450605,0.037150990883004685
0.8307673279678562,0.7697686290702848,0.3373758376073597,0.04264934655433828,0.04127759771678745
0.8351439174962035,0.6871621310246264,0.23813134162850175,0.0790705199894717,0.059949091853974235
0.8104724650519768,0.6105558652157572,0.1677925352493852,0.03842241937284204,0.10105144007654389
0.822287929236729,0.5881582406348524,0.04167407654232354,0.05340443363726985,0.07805713249530691
0.7903274174323123,0.6471580838931787,-0.0760462138749839,0.07196603278457843,0.08833764575071773
0.8023194419510316,0.6709762205328651,-0.14939623852971126,0.04182226386654585,0.08555477914138278
0.8337393589419495,0.7274164999290398,-0.2567476856391735,0.11294518705852186,0.0642282832539768
0.8027146146813428,0.7829162347462262,-0.24836833104206024,0.055720028690906705,0.04983828931136157
0.8400269298484189,0.7808118058205381,-0.1370323391143886,0.018514511828180154,0.048955857438126804
0.7725004401110076,0.7421247235729019,-0.05012595970916735,0.07978557207143165,0.034912687596047265
0.7954253484469872,0.6499872156600208,0.09119954262724733,0.06362260391910039,-0.0031969043594651924
0.777068753117435,0.591718503259975,0.1454107654873604,0.05408295706670423,-0.02390756959758191
0.7913163569365619,0.6011340086796251,0.15432915579991305,0.06294666381630917,-0.04809112570812413
0.7808346424809218,0.6611980390817538,0.15396804646461842,0.06411731225863011,-0.08582459256074441
0.7725956979043178,0.7392098640750616,0.11982005281522111,0.04734963539603997,-0.08677406602213687
0.7708919596677165,0.7954434328755455,0.05703572056005163,0.06140691900063533,-0.13203864322556097
0.8551403948934788,0.7890787864794565,-0.03652377845950194,0.05370349934975924,-0.09818101741745965
0.7984530988055155,0.7248769848687119,-0.09297482113625424,0.06333731226140342,-0.103658255288272
0.7658471260828342,0.6714963537860295,-0.09958193681609553,0.03319531833609316,-0.059681902611854076
0.7987836928877827,0.628630303587943,-0.04376026588897709,0.034013261877172234,-0.1056138963614161
0.8297411344299789,0.5735246214469745,-0.034811469938998627,0.05342776435504279,-0.06957572534422767
0.8090209616622082,0.6365976738667856,-0.04577169881088888,0.054360966711544376,0.020716135812064825
0.8472089240497052,0.6882004810164517,-0.011016804963270892,0.03968329276864472,0.014698938076604533
0.8390690957827822,0.7568114315228068,-0.04781517441252517,0.04225483896873623,0.05252496053430607
0.8131335671710145,0.8221928130032709,-0.03701027554598395,0.059929463681720974,0.032401496003190276
0.8023113861903286,0.7814259768751513,-0.0734106602696356,0.024669289624332656,0.03937857122427511
0.7860843197469453,0.7399384468129631,-0.07866571727066522,0.018827865177883023,0.09408146803692964
0.7860006691537337,0.6224364150114978,-0.05617778714758969,0.060145176415709746,0.09831063028824641
0.7643567986191887,0.6243860987697477,-0.010188872820835278,0.053588260129347615,0.11068874123629412
0.8123322207848123,0.6337488156546407,0.048213050771096756,0.033548144834726346,0.12916191461016424
0.8156336758550224,0.6152309556862207,0.1371928290575612,0.0437584426653469,0.10756883058364428
0.7558561082795423,0.7464099531747798,0.20592131621628823,0.03616252717727188,0.04610311335975216
0.7563663404862707,0.8259501398079873,0.18474438592725356,0.04273670638388554,0.048574882230498266
0.7456086325323587,0.8060438528699614,0.12711137658193072,0.081350293521433,-0.007317808998219301
0.7645425754978575,0.7279860321371094,0.066111338522125,0.0574505051030102,0.023473491225928077
0.7261175589284846,0.6585317369180955,-0.06893146758363315,0.03552880841321224,-0.021838287498077598
0.7709740809798626,0.5834563191286547,-0.17475252690417808,0.0693101150818369,-0.06222832180204697
0.8259383079960104,0.609020198171689,-0.2482511572118263,0.07010781108333464,-0.05158876163797043
0.7992668892982097,0.6159611909653196,-0.24296457789745532,0.05872554282366215,-0.09915990463877847
0.8288473897429176,0.7045628538367609,-0.17779165488718188,0.058633185139978734,-0.07031751086254613
0.8064009586106582,0.8068160797595108,-0.05544400102617661,0.06979980183110851,-0.08388679097895023
0.8542344762657655,0.7978174241953627,0.06144499871853749,0.07447257799611673,-0.05510985195285904
0.8239843596602772,0.7515100042516533,0.1816588456448329,0.056157743734957064,-0.1101601453234422
0.8113810844830335,0.6853484541825411,0.24915354010713153,0.04556577006197881,-0.06534248862551556
0.8672288203949207,0.6777865559721665,0.29563764355253985,0.050815170837086664,-0.07747452546063235
0.8052662679201408,0.6209010869723364,0.2621702299927512,0.07329310314834056,-0.07225268884434784
0.7817558728929763,0.6160324619152164,0.14179585134243944,0.06734937389367152,0.012295868695492089
0.8040382000392022,0.7333349950098049,0.03725723354152983,0.04158629668953325,-0.021228168819487043
0.7930429593413395,0.766678811834699,-0.1606399278528527,0.10494934272912348,0.057881945597787886
0.8095707860174759,0.8145970115100464,-0.26558380046939684,0.09654431016450918,0.0410672928961867
0.7653869816225448,0.7653187152222455,-0.2865037795662505,0.023597206025670503,0.08294507136187546
0.797073208303687,0.6937762035900712,-0.2227840651028823,0.06375323957372055,0.07589317054528306
0.7970549694114859,0.657259727995868,-0.20395994622732877,0.02198433665195011,0.07964237290996751
0.7676251238353955,0.5863935399398014,-0.051880372243709255,0.041835025494224624,0.0817962340088963
0.7870845402269546,0.599940845139835,0.12568477642432843,0.07139044707677485,0.08988181850010592
0.7716292558170639,0.6930876972666987,0.1889827503778371,0.05550041364751801,0.09540421887286371
0.8407358215893141,0.7249339868162779,0.2899936627467859,0.01620346545774582,0.10508007198272334
0.7859172087543969,0.7667206115945602,0.21439587198141913,0.05084679664256925,0.04290543703788016
0.7971188510141248,0.8013837931736018,0.17968230319223139,-0.007821879827309634,0.03738221648366081
0.7904389446065819,0.6976148227746131,0.052622588165506023,0.01057218199891996,0.007145833227832927
0.8092579143840355,0.6481530315981735,-0.041880803938051755,0.044331310600797855,-0.014219419662429478
0.818903609791965,0.6022043725133885,-0.15162172619096653,0.028669679582455868,-0.05727366087384954
0.8353557827068938,0.5779882085717433,-0.1998292484043329,0.07845663401335315,-0.08638907671437251
0.8068113974045891,0.62947682216172,-0.14238975744687618,0.05141660317666336,-0.08642846741847003
0.8124648607140674,0.7381864472851822,-0.12194542756841285,0.07617975507373606,-0.0911278001992363
0.7834259177175686,0.7902818538726419,-0.06539580439763994,0.05483851838624722,-0.050128827028876076
0.789632295352176,0.7793144957068625,-0.008264384807246746,0.05764776887401616,-0.06983472975133276
0.8551161511655192,0.7693682365499486,0.03358997437483356,0.05933449923392926,-0.10320558762631066
0.8146445239463971,0.7178522454637813,0.094570934475414,0.09662002708737283,-0.11033102395500924
0.7726158141206043,0.5973003195237424,0.037650602514450536,0.09079528236640069,-0.10264704587323634
0.7570717152819353,0.6014224430540142,0.02089724782691055,0.03692530233371018,-0.029309462923312494
0.7614672130621039,0.6710783163577849,0.04840855716640766,0.054625463238186386,-0.0007918071588653569
0.7795661828097253,0.7122231977809682,-0.00864631792665556,0.09372039659717928,0.04153561709800292
0.7816734254412808,0.7847224130748833,0.008961741636604714,0.0297049967665414,0.019616597921163933
0.768932448093884,0.795799619432824,0.039099722767122244,0.09607727733931373,0.05596349704088227
0.7625128056193976,0.7610920491548265,0.05018348631468614,0.0711322696115537,0.06160058384526066
0.82226723021747,0.7354007572539794,0.05374386853024895,0.03687777681718751,0.11292843260931754
0.8090337090259019,0.654295973653994,0.08006838612242406,0.011440269576379503,0.11367736430529021
0.7986889794961403,0.600740811222427,0.02023808619984875,0.05545719207266406,0.08431242085011838
0.8073424808895278,0.606260492953331,-0.05961181546825144,0.08734992970552331,0.10161085953729228
0.8055897307049856,0.6401765067151316,-0.13906523767446818,0.05531790090870255,0.07049783938760464
0.7603002214055609,0.7512934919925494,-0.18105419006442652,0.059832102907492316,0.079275698126562
0.8223132365418526,0.7812713963382398,-0.188196006270878,0.056645533928342616,0.030468534433663867
0.7976102421319877,0.7878456198789812,-0.17402370419574842,0.04026807532969953,0.04073800615872822
0.7961266539068427,0.7502319629535383,-0.027593214548296368,0.05157003264042704,0.03638650280303246
0.7989504569380421,0.6795875988456057,0.05642815157479413,0.029740002017941518,0.012746601179733787
0.820826374181725,0.6238973141343178,0.16896886041282969,0.02977270381207394,-0.06159550728574052
0.7765893838318464,0.6499956350145893,0.20244877903108247,0.022014786333733258,-0.05775691342365333
0.7651340309190187,0.6751270031734328,0.2391096130386804,0.032599267725865376,-0.10375544344931598
0.8010413364575982,0.7099474252010312,0.19775978014462264,0.032527782715040435,-0.06864715522300445
0.7989070382052921,0.7680667540792543,0.10143851178856161,0.04404717446718608,-0.09008607746339385
0.7618001955182125,0.8447917395646487,-0.03908528725396755,0.03404028415291458,-0.12249949358942322
0.7912479535458592,0.7455120020633891,-0.19260358553517815,0.008761477431104718,-0.11337500045961282
0.7751462210658019,0.6865839697929055,-0.24108308950400822,0.02104445499833102,-0.07324764165813069
0.7898455036435722,0.6578458574775488,-0.27989899892315917,0.039281976611442435,-0.10242820022709417
0.76302508935284,0.6345036446470846,-0.24980384383040286,0.056901547699570704,-0.046799472449002504
0.8104775490997175,0.6304526488238762,-0.12359623696601339,0.04233640572452551,-0.017631194093223
0.8240651790823298,0.7048388616307766,0.024162068632145022,0.0578155393565187,-0.013199840435305735
0.8189218046000227,0.7357525245512556,0.17211904095217181,0.02110136496570763,0.019559222196726126
0.8229225042797522,0.7816356988323853,0.2545615521780299,0.07746692254676618,0.04998323511190957
0.7407348367650443,0.7697461416753858,0.287808778618028,0.04613320036313926,0.08001127143431389
0.8242337253072418,0.7124201199666595,0.2533238353562845,0.0407278569025449,0.05945830645429371
0.8194910936661491,0.6347550652496123,0.18552975798149376,0.05886530458118142,0.08386933132710116
0.8160802201889764,0.6048171545586458,0.020930270112256847,0.06806256648855569,0.11582104295235428
0.8035687800880787,0.6594212377277054,-0.11819723865207124,0.05516569173971766,0.04600744849134275
0.8128630045441205,0.6844178285014937,-0.19147383227850934,0.07318107401223561,0.11009128772134583
0.8144226879900658,0.754349511165264,-0.23835168350841007,0.024599193779305556,0.1038004951268411
0.7947242367891877,0.7951421787473438,-0.21809527257226297,0.05750933417341343,0.09671656031230126
0.7845531773183038,0.7870445531466058,-0.17522014395002405,0.07598367926812895,-0.010382360637839774
0.812839371172936,0.7614713472726631,-0.04837139364980082,0.06729631649237701,0.0033504655474127093
0.7617123179671187,0.6433623161172216,0.06937792683001848,0.05070175558289166,-0.025483020294921575
0.8015819736305746,0.6070057042520774,0.12130739489927647,0.06132680510024654,-0.007787114074345146
0.7835362492746105,0.5829788037487962,0.16234233129934614,0.08822465167336735,-0.04543138504352852
0.7648927567684485,0.653567226628297,0.15194166769302456,0.028666701779317644,-0.05656346592633213
0.7780200221911148,0.727249995161157,0.1417436433071059,0.05461131997021895,-0.0757807639610812
0.7698444228979066,0.8028429227124628,0.0650381156730749,0.05003719665508362,-0.12870785906733478
0.8073209504806897,0.822181957489199,-0.04065286951239738,0.05970248233558659,-0.09140165133892425
0.8069580352394093,0.7720398118952513,-0.08490571989266696,0.021298069244848627,-0.1386621742790914
0.7950444163844353,0.7199118623853766,-0.05450418708419359,0.07474630680561367,-0.07559481310870356
0.789711339064765,0.6547187410818764,-0.06036552996714993,0.05898888565178577,-0.06443019790021276
0.8222146617575202,0.6065045009182752,-0.02109525521527051,0.0870789779181884,-0.05178361092541844
0.8381688424627417,0.6390122266596359,-0.0037609604149814848,0.04178981719618521,-0.02009846615255107
0.8177232730123625,0.6612743661659622,0.02019201751643504,0.027961734093227414,0.014297759675514785
0.8273881803436876,0.7748595746874194,-0.04158916950267741,0.00424054165320413,0.0092365291908885
0.8086597968765041,0.7997008417652702,-0.04270396484531083,0.031261395440304145,0.05534607830029806
0.8131070891660384,0.7432814200399119,-0.05108358668343653,0.0161783853863424,0.09757765699713065
0.8003546816596253,0.7039056027195978,-0.06281701062393864,0.002486727162134099,0.09234751846345801
0.8058808428594997,0.6603699541061961,-0.07345347674625953,0.02679879403658994,0.09971947327603413
0.7636242098517865,0.576995788400794,-0.02438465096524961,0.04051002029944506,0.09951246275029046
0.8011281054179443,0.6414262307434939,0.03530508703531011,0.04417484571622799,0.07227210148837426
0.7792210104804349,0.6846269976582718,0.11225285903275012,0.1010692699513549,0.1190531866060969
0.7881510310270847,0.7436076056052995,0.17191203380680325,0.08243909624523062,0.06880368514521396
0.7731937974506758,0.7922591058859408,0.1621957283914158,0.05701189564296283,0.05958336734280599
0.787386093461579,0.8070812473315926,0.12784294314227646,0.06922901487498032,0.03084662186929072
0.7623684040299228,0.7081845696782534,0.009188432666738786,0.048834879330346116,0.005421394905944145
0.8120273832039197,0.7040027835294738,-0.0756082064734114,0.04943045699135923,-0.02432953391742876
0.7597487683597549,0.5932489041627094,-0.12117618202216081,0.06873351594856451,-0.05089782063738315
0.7792152237044164,0.5895886835315416,-0.26512041782848356,0.05728349196171587,-0.040132054114007346
0.8108936612782918,0.6762399965336141,-0.22152393017143057,0.09194376272027764,-0.04973551687200052
0.8410125507495412,0.7406700354167238,-0.2085196063288901,0.07502689395893503,-0.0856403199812874
0.8217428659236593,0.8109406264631958,-0.1391907511537723,0.03898913987628641,-0.1213324818453863
0.8140629612203213,0.8191483465501583,0.06411325969685297,0.029243913572781773,-0.10112628817164629
0.7914981971351348,0.766306443805211,0.19338647616697185,0.06127257475407727,-0.05069456380645068
0.8151955970373004,0.6619389937111056,0.25285510957910734,0.08093302881882744,-0.07818562373610871
0.815782799666657,0.6134918775216475,0.3114502191778084,0.034448738817199565,-0.07237233444341672
0.8455670779526376,0.6041661144496072,0.2441831535645953,0.0350933154593782,-0.06455806990809407
0.8186228443196149,0.6312016379979218,0.14525943846068612,0.09992672852042724,-0.014265263584007148
0.7694181425014313,0.6589443435863479,0.0033253899963048747,0.050601543647161684,-0.004785453040388415
0.834355242017365,0.7893428177799675,-0.14886112404656185,0.04149900927220362,0.05055049090420436
0.7803440974441745,0.8344255220822565,-0.24081359185039658,0.09608836390834813,0.06990974647334888
0.7662304658184149,0.8063332282514214,-0.28638969925654134,0.03876711996911062,0.07873751912465055
0.8104753227158352,0.6921761308268941,-0.27337777179649175,0.020575801850916436,0.0859382527709282
0.7790048847940607,0.6499408103655261,-0.1617852351026739,0.04358428846223867,0.1058805115242821
0.7736308176865351,0.5592413132354325,-0.045371318608406465,0.015979621319863437,0.10611562513657065
0.7881953798912058,0.6493675702894586,0.10260308931028095,0.00861233381323806,0.09355345562245748
0.8051420705616649,0.6363334730879353,0.19262437852754966,0.059326917623233416,0.11707982520993804
0.813686384201494,0.7563855426751113,0.2507575804777688,0.028939796450973124,0.07519725497519679
0.7724959519989452,0.8183572454019771,0.2628391830917207,0.05031107398987935,0.04808334818368253
0.8461499692929335,0.8163091398652154,0.14515795466583126,0.019090004967168353,0.003259200847634869
0.830692936805762,0.7436918655627252,0.025123596738370647,0.03748990344387672,0.008236038749426152
0.8085963186472358,0.6346745437493981,-0.0191890734913321,0.019037192988511423,-0.043207333380569334
0.8026479332954748,0.6074937788925135,-0.1250551361281251,0.026313230501513712,-0.021558038918822527
0.800619751384836,0.599527978886786,-0.18071738200331702,0.08193856243334596,-0.07490012420613322
0.8214886990774267,0.6591918157707667,-0.1628937474371954,0.06375667489005576,-0.09535608147090224
0.8032200140037064,0.7446239083968034,-0.1296342969248454,0.06427692081077394,-0.13577049069198494
0.7964582257401194,0.797673610196365,-0.028265066494457314,0.05207538021744651,-0.09270601436289408
0.8224054279863318,0.8406610562262598,0.028108252327894698,0.04731632293731881,-0.10586101022818378
0.8072913468765265,0.7719995423316937,0.067062136750489,0.05536027183263827,-0.08110650067978671
0.7859282349440269,0.6796903264774505,0.07191046982883768,0.048692175988322726,-0.10299290649790407
0.8029292468778579,0.655548266765625,0.015102635224700428,0.06876663753440235,-0.04799708091283482
0.8111672326386147,0.5939067658582794,0.008007136821996986,0.057431661832628725,-0.03340374645865167
0.7590889434215041,0.6371825596262158,0.014762875187930227,0.06378965720639382,0.007922654847829228
0.7679341623171551,0.7036155585272715,-0.053098978284104814,0.11354868247566902,-0.009097702862543806
0.7998313064784944,0.7225900834266624,0.007489756751052914,0.05977871098623135,0.04745315320154438
0.7981984714288023,0.8053390719113129,0.01124045737850559,0.03755627828761396,0.03185592719634263
0.7927782720829102,0.7828401233475946,0.06876934211799954,0.09032671182580615,0.07056460908941262
0.81706808386367,0.7083392222569849,0.06357437366568773,0.0366794558347802,0.07971550978693503
0.7782357654176179,0.6383957352655673,0.07566905188678297,0.035183014086550425,0.12289935017050252
0.776597583212077,0.5760832050566942,0.02059456555123177,0.09050929662691086,0.10853822670399962
0.7944255579003117,0.6172164736265605,-0.04474696833445294,0.06142676337966198,0.13743723497614396
0.8186312217982196,0.705189521011548,-0.1308260663353836,0.03045769798995682,0.0984854578843219
0.803099394824001,0.7446299760499518,-0.14534657636128714,0.05077141454558459,0.0806437718433271
0.8102556368715063,0.7846631365998034,-0.12011944614060152,0.07527022565791007,0.05747651986862073
0.7995211279438972,0.778328127350399,-0.16511291313910903,0.027100397838359273,0.04231253828237467
0.8037717569956009,0.7771542134322142,-0.07154667060789077,0.047958617996791846,-0.0017841526763307958
0.7916599606659899,0.6360826749539925,0.08766799137428448,0.09119821108054962,-0.03383458749350013
0.8135296640024114,0.6264162901001367,0.16847160776051523,0.03872089373252521,-0.04741692064247319
0.8158978213596646,0.6071225844734184,0.22490767289969268,0.007148024012834098,-0.06593856089769742
0.7842107413221371,0.6902425610589668,0.26445133555692873,0.03251404857395431,-0.08723651730949106
0.7840989790447368,0.7510942971341683,0.2092116125690052,0.034454436568239925,-0.046721833600165186
0.772199008662263,0.7826664320309583,0.08687427731937318,0.029946467475223656,-0.10171991886653164
0.7916038939868209,0.7673993523213456,-0.04832538627589314,0.07601979477731262,-0.10560286904095056
0.7817811207747845,0.7873713220946881,-0.15059959292485475,0.046168350484692776,-0.06982609795764794
0.8128620076808613,0.7166275499964562,-0.2560539796476497,0.044000230784789,-0.06628599529141024
0.7619102193797505,0.6008506358320527,-0.2725510297445731,0.05587742724389493,-0.08290205120216075
0.7954943449379714,0.6151019971012752,-0.2382254293357981,0.049525863753031946,-0.030954754809139996
0.8026994881054343,0.6155299584299394,-0.15652081922953504,0.009601753300738633,-0.0044606746118857205
0.7927911965801819,0.6844761938727065,0.030482323242699588,0.06362912859949234,-0.016497199102465016
0.8178510224351538,0.7362684422041499,0.12577765471239483,0.06294709017002234,0.022249921788660126
0.7829852520660407,0.8184607773928134,0.24223514275746155,0.06158020723716233,0.06257742982327881
0.8585564005020853,0.7824738927995658,0.27844903615048494,0.07016045240573544,0.0867050332207093
0.7921802412601743,0.7224233179705998,0.23489647057578847,0.07926566566390382,0.06971213994826139
0.8383961452112998,0.670270973505287,0.18015697158460545,0.08595302934006531,0.11921010337605199
0.7965986767471186,0.6151437676590009,0.01390250350145147,0.027119023669717524,0.11088788284787032
0.839198000512134,0.6272584625865227,-0.11361121303456054,0.044572552875268484,0.08008609435890815
0.8040602245136698,0.6901164888648433,-0.18370631203810628,0.039646530363834115,0.08579476895205802
0.8093487980307432,0.7268839305260633,-0.23150750400030634,0.050821580352272314,0.11389025020509874
0.8010668751141351,0.7944163489372007,-0.24325474956167786,0.06688196283944933,0.06675728134540816
0.815834342012997,0.7663574741536764,-0.18439657184830763,0.023054259308736946,-0.0008957549998518249
0.7818133459512917,0.7188141930563052,-0.056471210713981375,0.07108519051317087,-0.012197223956356891
0.7244759859128225,0.6613512147016543,0.019114665007711737,0.02609105632958336,0.017796013900460022
0.7657776938728084,0.6307550471168937,0.11069554005988426,0.03494581018136561,-0.03779358989558841
0.783674246461779,0.6460586286484635,0.15994957234586452,0.028694799428263855,-0.05530503255743955
0.7721695055766916,0.6301207693319758,0.15473814432099064,0.04139008704763082,-0.1003053110191123
0.7992160771389172,0.7283355970436565,0.10025467146194754,0.055794725203423184,-0.05960548962431829
0.80855083487364,0.7830145838260755,0.04411504534612239,0.006361092959238972,-0.10045168628843347
0.7908642239145046,0.8087734375213271,0.013799334249182489,0.07697124806869793,-0.11180428081040597
0.7702070921123498,0.7704267228754299,-0.041948166363232266,0.02481656603184727,-0.0975058292411452
0.8338636420876168,0.6947150999294883,-0.03992187612735923,0.0859873343830576,-0.024158239846267374
0.833416775047986,0.6036051448734692,-0.038182880136349226,0.010776601228177345,-0.06780339933760098
0.8101965172021585,0.6080908356162291,-0.027107071349154473,0.05797525243199732,-0.04063941037945611
0.861186898553758,0.6493918236686864,-0.033351674532670274,0.051567917183604414,-0.053478011289992994
0.8130224907981468,0.6897321833510679,-0.026721741636672014,0.035340392238489754,-0.012540245336710295
0.7962787359175355,0.8080180090646809,-0.009486574615265314,0.011539623409115143,-0.01231659451819258
0.8130628712124788,0.795104409203889,-0.03991885701779754,0.031336640361093376,0.06735155789739647
0.8333123793559651,0.7643741203216883,-0.07479433005722769,0.06734891717243273,0.054877744902019306
0.7874312710366486,0.7184609041245926,-0.0593123090154446,0.05987345333447244,0.07550063111149236
0.8390245015548692,0.6360696850879606,-0.0300091060350968,0.06132655084616604,0.09765140455479633
0.7758891358210598,0.5744278186450217,-0.015203221861268577,0.07558856758237684,0.10710991117799028
0.8073327404817755,0.6150440717193402,0.048738654559758336,0.05724712075770115,0.13947895423576043
0.7947089075965648,0.7070450601014774,0.10041997833505162,0.04813481849903406,0.09099286298384918
0.7778977284824405,0.7882260137589668,0.14414193064006883,0.0687117152166471,0.09821626326961505
0.8016106595743552,0.7837648224196998,0.2071781590494211,0.06703748148188375,0.044539843915413865
0.7509828938967331,0.808588197319438,0.10577580385704488,0.08237188669473311,0.016973985616809472
0.810971095851165,0.7394630443655307,0.047847489453819426,0.06592785156555364,-0.0017015319668454779
0.7869706143747454,0.6688652773245813,-0.06332894066896891,0.06993331851024806,-0.01367365783908608
0.7829709551152306,0.634864719017675,-0.16043361581364993,0.07901056344109414,-0.03161893727155285
0.8149834809608012,0.6219357789362651,-0.20989959798850438,0.05951591965055144,-0.03762752634945876
0.8273783201594838,0.6549110409050606,-0.22893651431282175,0.03823532163672362,-0.05860350545864976
0.827151613658322,0.7062941030027747,-0.20536401046313874,0.0592809524528454,-0.10173325211035139
0.8561704163083983,0.7619531757188838,-0.07745680208939812,0.06167490311204231,-0.09229240149224166
0.840635651846905,0.7969483628639231,0.01962862459450833,0.08160158555346796,-0.07817315344378005
0.8456701326484082,0.7652507917785842,0.17481864055656504,0.07115419003430729,-0.121812142182353
0.8082238515823729,0.697530114488752,0.2985103145384317,0.04683722863227208,-0.09790579040696375
0.8183108154287395,0.6385880627899323,0.28255292058030235,0.05998342686050666,-0.09386805116847295
0.82301535669236,0.6197890297331344,0.2554033924336992,0.04771833143452108,-0.03599957929544274
0.8058254951534335,0.583483755472039,0.1742125116818254,0.041996841436700384,-0.02532534998744785
0.8060327046634648,0.7180688066605898,-0.016849551061726555,0.06628489072154406,-0.017407806329478515
0.8023417554351927,0.7475057550612592,-0.14295441007081178,0.02723576351878073,0.03506650378752282
0.8051291733077813,0.8220840443379666,-0.2575970517531507,0.06759617062731257,0.04105123286665728
0.7817874822971008,0.7837842108364265,-0.316443541282623,0.037783316721935536,0.08819379266647029
0.7739828853662595,0.7251445197121755,-0.25483485182997134,0.051797929791597724,0.08052544184889188
0.763433686995669,0.6304029598066717,-0.1845876794941163,0.033912191913454764,0.10172134645166615
0.7631442231512516,0.6074243013544524,-0.001844479035775344,0.027705619036432514,0.07202835163467496
0.8072686846594275,0.5782229558619932,0.10033994001746391,0.0277149061661749,0.1072915287097974
0.7865538651941012,0.6970359436176,0.19835877962093287,0.05692290632279683,0.08291056295827665
0.8095585477343119,0.7415585926373531,0.24962920295017993,0.006125082856816039,0.04321588868817457
0.7740527230731448,0.74332404573291,0.23288201291833677,0.04284520147935991,0.02255633394628042
0.7674169777307154,0.8117123763197865,0.15425129862665923,0.028365324607418932,0.01734099879054909
0.7907738804258501,0.7703479298015122,0.05553070809754669,0.03215551789626653,0.028205631162978424
0.8391128792376888,0.6456649544034557,-0.0625682139470784,0.08009315795031059,-0.05490943959487235
0.8403826791225523,0.6337714924692531,-0.14089281424585637,0.031161309238930235,-0.013294947268233121
0.8266407721570418,0.5898992393482361,-0.15716422812977768,0.03216716212722404,-0.0622571404643012
0.802977727322704,0.6064942199911757,-0.20062775513344253,0.01781118521954692,-0.07237078977212233
0.8135642870561818,0.7177111392308988,-0.12734893966962066,0.013224812470892258,-0.07540513873300843
0.8058004954498713,0.7909555215900591,-0.04685083928271529,0.04765871429850858,-0.1140495782919678
0.7992808729655928,0.8008997476604256,0.02068908126638424,0.040549918878816656,-0.1003722528355286
0.7498786032536873,0.7608504842191401,0.046679859842632725,0.06969572856518574,-0.09801117034383505
0.7766611323932573,0.6933951337988177,0.0702308821446736,0.0613407173068148,-0.09621349189623718
0.7844421174405057,0.6272797889948776,0.0491141741192494,0.040239755344530545,-0.05133914639838284
0.814148215908743,0.5958765610880152,-0.005467566592661302,0.088667559882742,-0.04572239311537072
0.7841937308567319,0.6195176619440638,0.02788428600184633,0.08181276754699526,-0.009754515696791333
0.8080177657252562,0.694683983049062,0.005359919918104193,0.06038005079252861,0.01719450870236721
0.773104731498908,0.7614212592697085,-0.010072271397771523,0.07549459540076135,0.032885746436804836
0.778765888487545,0.793744220374129,0.061246203800251614,0.09355593213262628,0.06364169663754078
0.7102558603530635,0.7549922556518719,0.06965335796076376,0.0663161264608643,0.045977951444868215
0.8030862668966411,0.7016814356660921,0.05499631201869807,0.04634863001222113,0.05825153901079659
0.8109419132267867,0.6428659985464561,0.07662202421062132,0.05822174136026903,0.12416298076544836
0.8414555212786866,0.6079596531358585,0.02462202876306633,0.05773180572376118,0.09223901349582894
0.8020204808299929,0.6142866284994251,-0.030444447926979167,0.058038356638970036,0.11125705392935525
0.8180634230114397,0.6714578129988066,-0.12339515075729918,0.07354452209194995,0.11243408427262107
0.8049105712314815,0.758864364881612,-0.16903341853293075,0.05510024133390111,0.08440387991117962
0.7964748587015944,0.8113950248418164,-0.18415438132741108,0.0138685405722895,0.07493259395502078
0.8047589709911639,0.804084302820612,-0.14172519373033435,0.029172112687142503,0.012540113056805278
0.8092803694057833,0.7018142735598873,-0.09733374997820285,0.02229521068192464,-0.013749653490909024
0.8388644656192461,0.6540794429064493,0.0760614591545486,0.04938521270510063,-0.035683800978718955
0.8062245719389666,0.623630386494105,0.13462681930214399,0.035864476438315654,-0.04897335174211387
0.7841891038066429,0.6152022948440251,0.24222051317395468,0.04754296647351584,-0.11087370878084607
0.7966572166773358,0.6654208446159241,0.2228473809188544,0.030191517876765675,-0.08511991606963056
0.7925957220653511,0.7311560188768732,0.20489790683242917,0.025452819138209355,-0.1275218268638172
0.7702950189930021,0.7673620565039715,0.07607968261085239,0.060660620613389116,-0.07829684561483274
0.8038435422066889,0.8226800157196859,-0.035357147666020106,0.04901177050611621,-0.09115258795351233
0.742233022180467,0.7315867477449824,-0.19969902311997445,0.0371230437465149,-0.08538287472558664
0.7767079771124372,0.7071818324920469,-0.274758495131098,0.009896284719709339,-0.1231735911799576
0.7971209814250861,0.6226211730976082,-0.2809118645196457,0.018909953850149642,-0.07630065647724492
0.7614756445646134,0.5707442426714391,-0.24702311972419816,0.02263127386735662,-0.01908005341759646
0.8010447350853683,0.6236221133960567,-0.14081999490608102,0.046902428087561315,-0.03913081316313978
0.8258578610038761,0.724075034930337,-0.01716871855411902,0.03082787067327622,0.017154915370386197
0.8152537651726381,0.7566866771962584,0.10031026869503615,0.07327452569735493,0.007121033786645976
0.7779525061863111,0.7755906249065408,0.2334405292469911,0.06852962206502013,0.04510900119808636
0.801616439338794,0.7712755186024055,0.2838856643538614,0.05205953382966047,0.12139419601445298
0.8436671983759882,0.6961718241855996,0.29250505374168156,0.0398105548170602,0.0978415489313813
0.825966704901306,0.6162094751861825,0.17909557640826862,0.04803796358372077,0.12141737804509076
0.8188239515561035,0.6105220299716702,0.04128881536950243,0.06486973481325528,0.09882959304697937
0.8250043517818089,0.6315306536017544,-0.11156398387089152,0.06010659325883963,0.06753607925727959
0.8261766840459672,0.6640963829396901,-0.21714696158621205,0.055733818297502714,0.06143970494279896
0.7920110351555391,0.7586478258830658,-0.23599933196658363,0.08337961695220143,0.0936446343034907
0.7941919983985412,0.7873651113311249,-0.2382672902465018,0.05251851562288257,0.0647870893941364
0.7966779331058373,0.7884884226634663,-0.16497367244692066,0.056002101212340005,0.06592250932004627
0.7773651405184042,0.7392805034883173,-0.016029047664629904,0.06878436384157156,0.0030107079043328547
0.7811506289417561,0.6930532155593777,0.031435595498224306,0.061789947356687386,-0.0054157352882793445
0.8069363048977369,0.6196684720568394,0.1252719100412276,0.07643405538499493,-0.05072099919545544
0.7606436027061589,0.5849120861996857,0.1627112992421688,0.04324373698173603,-0.045481567820281614
0.8195121238567998,0.6621412173048286,0.14487408650931943,0.03567938294703209,-0.11869408724783864
0.821406547660141,0.7204452233117492,0.08312794415836498,0.06252936923592607,-0.0897318401263793
0.753975506194864,0.7751055843720474,0.07246895711985929,0.05006265663426834,-0.11596587813347042
0.7909992068102405,0.7814334979224701,-0.0420903980133536,0.06158057600685346,-0.10239244402990882
0.8068538313929138,0.7582533199781201,-0.07264297738448834,0.058557472597616705,-0.07481332020389841
0.7909629181373704,0.6862640279378336,-0.06238109682077132,0.05685055606648973,-0.07668597630415948
0.7969340949721552,0.6149050284315312,-0.08097818217410685,0.022055129713942263,-0.05591689207664394
0.8114320259528077,0.5723743802752074,-0.03486269976090954,0.03876674498541283,-0.06404885724634575
0.8338046920681341,0.5974018435457383,-0.014206770127667863,0.02938606467286079,-0.07830679504418332
0.8097733232210582,0.7025596898402936,-0.004735000910718334,0.03066068150705712,-0.022517936814486463
0.8555550065583055,0.7720188056619929,-0.011876203469014556,0.04264392597638584,0.030103822079266998
0.8219798199342696,0.843465246589868,-0.05991511850454269,0.07102028102102727,0.024791604358214054
0.8097041993641831,0.77347806409032,-0.0670935280132356,0.08332679294244064,0.07587545906235667
0.8351655335901286,0.7329618049398637,-0.041816143057519156,0.026253170956749866,0.04759791746860004
0.8125256239012072,0.6651255492171396,-0.031211818808151864,0.04330679456581375,0.09196937673553705
0.8012053956262528,0.600549939819306,-0.025457041773650182,0.029643584683229314,0.12644602927775175
0.7816214872987601,0.6171032275185494,0.06871986048855971,0.031917125282550356,0.10828291010558751
0.8200993723903562,0.6665341365379566,0.0925619718316768,0.043965729499581566,0.07349197734325327
0.7972153014688969,0.7836785516258533,0.13062157889888215,0.018818525729860112,0.09063314684021631
0.7759317732811057,0.7649370082044034,0.1273598358750461,0.06028078707695386,0.05611546081047841
0.749434886660443,0.789689782273849,0.10864405940078388,0.0322659632580952,0.02433142678847069
0.7912786909477395,0.7644949151505397,0.06026953590364462,0.052876321752793144,0.03503038649285455
0.7653694931121184,0.6610339434648665,-0.060897096316232247,0.04173587899154429,-0.004936691813739258
0.7595007410773347,0.5980985447578264,-0.12500310066582043,0.07235256834749963,-0.07600640434498931
0.7944169698906446,0.609552001109389,-0.21403753762745695,0.07551586998859851,-0.07159921226011452
0.8118097619393115,0.6623643928434793,-0.25589606157674843,0.07201192132827643,-0.046196084042546506
0.8374053297195126,0.7362178501902181,-0.20702738151360195,0.058776083226848214,-0.0927876946992143
0.8218293763932037,0.7900656588489083,-0.10424495135169082,0.027495213178604913,-0.05863107329050025
0.835141520869318,0.8132305474668237,0.05494168607199931,0.03785331036710883,-0.08473103146558951
0.795482345895537,0.7776925463492226,0.16002130140727855,0.06693583709720978,-0.07613315612618787
0.8185704867765521,0.6653290183959849,0.2626300313424119,0.044645379577981224,-0.11773882491100733
0.818664566273589,0.6153708392174682,0.27939579335692327,0.04894158090095061,-0.07800190154966925
0.8290006287382481,0.6175911536820798,0.277276129225266,0.06396266681973983,-0.018006672501586066
0.8085015533561196,0.6413176898967393,0.13725870814139896,0.0941316458355224,0.0025933349397935374
0.8160815791623974,0.7046920021669667,-0.012935931803005401,0.035090973154504504,0.003924395865758243
0.7837356751569586,0.7819042884352321,-0.17464372796759703,0.05675840494941982,0.01159605059105223
0.7954033930784137,0.8188457475368445,-0.2319760949061294,0.03489801584007864,0.03022016083066399
0.7921169881375896,0.7598903830962468,-0.3059387281293249,0.02211778218845338,0.0630095483559105
0.7559833551823641,0.6879944351135567,-0.26432783886640066,0.03625852945573741,0.08229536127199884
0.7835107725713529,0.6181478455570601,-0.17591403270620457,0.03685079317026346,0.07549219922157546
0.7745716191350688,0.6389447575098549,-0.03868993381873969,0.032232414881923244,0.0803305667246208
0.7457379011401805,0.5944785559848387,0.060275754063953094,0.05048420695796047,0.1095640019412244
0.8074124285569784,0.6704392688326108,0.18687018706692743,0.03422689341540121,0.1158324374751432
0.7865824865064147,0.7444658014284703,0.227139538175284,-0.0011674959720739397,0.0853464770311452
0.7829521988374827,0.8157268549336957,0.2743941728922198,0.051038709526229936,0.06111206522700407
0.7986340050136229,0.7557162832685815,0.18517310171550974,0.05084986411654783,0.06413160933909823
0.8145197111088159,0.7360270910493992,0.06314767318742488,0.013588170675819414,-0.011500914000280823
0.8463385295744417,0.6874753116685073,-0.00133670754261829,0.030100947220083128,-0.01578518063446568
0.815702466265779,0.6318152899972115,-0.10535757705030674,0.03553843601225272,-0.044757093501731224
0.8294481499391703,0.6130805882592147,-0.19459956677502432,0.06046492767122949,-0.0692527812985937
0.8464927178638583,0.6466058508422285,-0.1836052430457685,0.04373077802559612,-0.09624225283706664
0.8268513505129749,0.7600226576491882,-0.10600197606437026,0.06964038341483332,-0.07047664348254504
0.8331269881942257,0.7509938490198185,-0.04840943374001051,0.0373336481922038,-0.08640004515486714
0.7966501427084799,0.817848430577106,0.01807101833561304,0.07130061081202184,-0.10443857626002734
0.8154209865294799,0.768942083002167,0.037992066367346,0.05591083924640418,-0.064471552473047
0.7926601401111073,0.6992874103317223,0.10441648531207198,0.04986626692758467,-0.11431148699711897
0.809732519703934,0.6282648523272447,0.049081198572059594,0.07510830638449946,-0.07220355804016591
0.7637484686726586,0.6043009301061126,0.05415131168918011,0.07521912623784191,-0.06690421950005115
0.7653877146092422,0.650161049323172,0.03826270043783821,0.07132978825382472,0.008669029597149484
0.8053746314541077,0.6769391042269866,-0.011704707938751753,0.057433232932169766,-0.0035931257918971646
0.7770571902227095,0.7435236716819641,0.020602491543610865,0.08075490765495397,0.03110305386805571
0.7766404471784117,0.8030517375497036,0.0636062729692504,0.08317245875477411,0.04110331632903175
0.7897957433411553,0.7780943401112279,0.08526837501127751,0.05222108303041789,0.09043921804631738
0.7800297109654436,0.7158065266032272,0.08254177882521233,0.059439899793083756,0.0953921776017897
0.8266388273706112,0.6730301344408604,0.06328479648948374,0.025552335236559306,0.1048314033450218
0.7811970868539806,0.5901850878559384,0.015418481135976984,0.04062230004090994,0.1029455792048815
0.8087437450786416,0.6305935826726154,-0.021646605161294786,0.07195853064842353,0.11541379644000928
0.8231193956015462,0.6828199653583137,-0.09969806323181656,0.03151913364307761,0.10075126146405933
0.8169321889445718,0.7955066154569806,-0.15541492333953094,0.05542647907891815,0.08947779439445805
0.8039542490926425,0.7670619185995361,-0.17715923850277185,0.046147226373282106,0.030224789075146342
0.8016533463908526,0.7795625628799663,-0.15795716641101776,0.07805400003633811,0.061226552266029154
0.8246882284039155,0.7276766545878113,-0.05454245647973674,0.04641393173477123,0.03435824069005112
0.7911460960425157,0.689599602663617,0.09167528524202774,0.0047523811592874235,0.0013607346951550366
0.8191051940017997,0.5931189233366821,0.14856354184101853,0.03278367941926853,-0.0424265941598462
0.7695170327270944,0.6380532083608111,0.21800180888663204,0.04893627594736784,-0.05789607100829728
0.7827199981781674,0.6837867988525203,0.24399852531951705,0.05222785950399196,-0.09842505508867185
0.7889704154015457,0.7421812417343658,0.19830439492930999,0.049306940426931706,-0.10003499838199538
0.758776621243609,0.7931803133547382,0.08874321676574932,0.06572218864346675,-0.05814456832772429
0.7940190869446289,0.7671051612941371,-0.022094815707357753,0.04600511665054246,-0.10206017115024314
0.7796292237338099,0.7624215153668172,-0.16118923369279192,0.004035234402139799,-0.10604886577353591
0.7602573960423061,0.6588532434688024,-0.23926265744378805,0.03036304702566534,-0.07846481417023342
0.7534418955174933,0.615696147930192,-0.28207447195639745,0.048869097094983376,-0.07076466605408854
0.7569325075266974,0.6042593418230998,-0.2475713568809623,0.03263459598638195,-0.06931101446711704
0.7948403390151075,0.625367861827743,-0.186302238230068,0.05508572949827466,-0.01490024581602708
0.7768633978586689,0.7190161124441803,0.003942946576324128,0.055674135161584225,-0.008492073344493143
0.77888274787285,0.7658711876502772,0.1311783177303259,0.08412713815127768,0.02616814985689151
0.8071311863360054,0.7688310284374036,0.2728556014440125,0.039569695722735936,0.07211671156378821
0.8617303503845593,0.7558501797569661,0.2955734777723392,0.03131781269536617,0.073983961387422
0.8245719375505722,0.6870551555541019,0.2476677173643273,0.03175139905608891,0.11149136821778773
0.8352583766700121,0.6348928672154336,0.15684028663246366,0.048574278120304445,0.10607194295538792
0.8232754972512759,0.6267229720675271,0.01092982752250992,0.06905550817334694,0.08665441631755555
0.8318399832096707,0.6256821284127319,-0.11087765878940795,0.05655576721508208,0.0831734236509748
0.7848939320365506,0.6819212007151034,-0.19625803405062456,0.04619463661022704,0.09240927794134443
0.7975701004836476,0.7224677395471173,-0.22523529565331502,0.03775191677645823,0.056583888813456565
0.8052270169122009,0.8424889286893182,-0.22042914616542503,0.054805344693034136,0.06799774631197265
0.7934613237914019,0.7899174420028333,-0.14204186688802764,0.07116330489278835,0.06696467349100797
0.7844044305519088,0.7851507086651123,-0.03656403063256163,0.08001148704168512,0.008346685356350945
0.7705021385176425,0.6458391158054849,0.044599452261350286,0.08134495557051084,-0.014752784363708037
0.7758112076200131,0.5981603651426797,0.15996694149195106,0.06902361011161132,0.0015548006569882714
0.7645160435221734,0.6568875781758243,0.14067096272028728,0.05917086317496801,-0.04092003395161394
0.7325422093769014,0.630324753004711,0.16036839749644433,0.03877919009029312,-0.06550699550626257
0.7599294912783893,0.7332431051303239,0.10084417038279514,0.05559491987450425,-0.07101207138208782
0.797757353731639,0.7776686870606367,0.0077130345869609665,0.07718851100414013,-0.09462886345323765
0.8249612192259336,0.7819604782790491,0.01933842109256355,0.047902626838359406,-0.068244299073983
0.8362716034264734,0.8020001171616057,-0.09444451854279012,0.05902900335653302,-0.07619500206198769
0.8081153747612732,0.6673840556273576,-0.053719396373140035,0.04275929149856367,-0.13132266501888384
0.829623377514732,0.6408973757543643,-0.020239967241789586,0.05102918676027418,-0.053164309301291124
0.8343398981017132,0.6222835791068488,-0.03580917305451641,0.022182557004892495,-0.03993491082397484
0.8051759466485415,0.6113092602976211,-0.011382302105907691,0.014561565393449216,-0.055019817408807015
0.786041203390788,0.6620554941829102,-0.03797566254747338,0.02033206413898608,0.02290934380936347
0.8196388767129994,0.7328419126475957,-0.014071009053713097,0.0012224998114205993,0.023952675394216857
0.7809363199426881,0.7838110034866729,-0.002728337884359642,0.0578987962906821,0.03715575303844471
0.8053571127867534,0.7815046176526307,-0.06654585704470639,0.0892293526591321,0.027147839176926168
0.8183426816232866,0.7192421659665109,-0.08699438067918533,0.038536314561271066,0.08416697965429278
0.7715986102379999,0.6374405432874264,-0.10080568879958124,0.028243275647646546,0.09533321060457393
0.794465567791134,0.5996651432341157,0.01187209967605505,0.05285684471004228,0.11235819464376551
0.8130446572603318,0.6350481546173977,0.05525771139571905,0.07940450809974106,0.10324578975628135
0.7910499095929204,0.6904940708515722,0.10531888455604699,0.05118180934291536,0.09012035841722121
0.7914253036890907,0.7557504519130033,0.17875642606670678,0.07693702716333439,0.06180444343959422
0.7981348082763349,0.7827663092673767,0.15709147081859434,0.05289965841463919,0.05261359229340576
0.8156381311167205,0.8060341608256014,0.12422365341866626,0.05947271530569855,0.04808832315676684
0.7868481217469648,0.7404366488169027,0.09355240072638965,0.02604713023432704,-0.02107960595208517
0.8128343121828129,0.6482308417873175,-0.07231145121843253,0.06469868800194936,-0.022648222129564598
0.7925362757857521,0.5979793772124932,-0.15242913561333826,0.040155551455945265,-0.03682804240772505
0.7890766236913302,0.6294673035392282,-0.22635579550584534,0.03856212452025829,-0.059532252956667094
0.8124767592798499,0.6887322718414923,-0.24686292617691413,0.02858822759675919,-0.06344727720140043
0.7996394480860161,0.7142744540678762,-0.20243629550251122,0.07199491868918659,-0.054077758772873644
0.8047177555721675,0.7428714294635564,-0.1260599302751689,0.10539252339985272,-0.10454507110773589
0.8068663177170581,0.8099779994127357,0.032209549755988304,0.0446317256413382,-0.10444204983536032
0.7740915160893367,0.7407132687051763,0.1628556790262299,0.05269808206515859,-0.10290705259196907
0.8211311198791152,0.7021166398601002,0.24954158518931363,0.04963341858935304,-0.12701183291673313
0.7909036327155898,0.6154295301683869,0.27743387998997343,0.06418079717026831,-0.044293005795373736
0.8096103226324842,0.6447892967536272,0.23126659910032357,0.07335060269034208,-0.04142038297772147
0.8351797154971952,0.6337901795139501,0.12805237532697367,0.05113965864447268,-0.010697160383618455
0.7895799935378546,0.7180570140222685,0.008181919320844295,0.04199645367987155,0.0007875152552584179
0.7829794769435522,0.7441536359671868,-0.1435117881209584,0.012178886942791504,0.04204672909730778
0.8155224826441863,0.7434168440742116,-0.21819109442646784,0.058973390242625455,0.0436024846279713
0.7947457754217874,0.7797579466456293,-0.2820380215527139,0.04622676400308688,0.08264243825191905
0.8005094116211497,0.7177725851584666,-0.2748212450175971,0.0069994937413999925,0.07219024486976576
0.7728941753202602,0.6556274674829315,-0.17848741119201142,0.018428717055634612,0.11953907717790829
0.7959405339315153,0.5906950458540351,-0.03841900431272356,0.021228107997507455,0.07685041765840313
0.770096288329365,0.589730437356923,0.09292629362198424,0.031395216249126015,0.11236213448617506
0.7747242604417125,0.6431211037665399,0.20263565124831423,0.02206833086366633,0.09588706307056971
0.8057445456766026,0.7592381857042672,0.287635699804017,0.05563161993094522,0.09372768385150826
0.7880325365745455,0.8093114701513902,0.22778669078528968,0.02146422567115106,0.05367180386864004
0.8215227107523778,0.7729675386786794,0.16087572292340074,0.03113409393573599,0.022902531350707352
0.8595893957544356,0.7262517628627819,0.030553401187503236,0.021364045624071088,0.0020313098693361953
0.7824572891485531,0.6486238358865714,-0.08108291492274013,0.05744272133098562,-0.017950338256512096
0.8039770428034783,0.5716131450957807,-0.13361685620008015,0.03656141174986684,-0.039463289270055504
0.8424029236368535,0.608876660544814,-0.1760508152377016,0.047016203052074594,-0.07769698631814631
0.8161195669360387,0.6687449549221084,-0.15386666441516536,0.0597997290254344,-0.0829271127077902
0.8394021368833505,0.7204019945018538,-0.08421951535973406,0.05042248463993523,-0.12733705676064114
0.7915544195831915,0.7559833464571879,-0.05723123265171716,0.04964950747922995,-0.10589028081574024
0.8128072234436583,0.794262287403864,0.0001497041479345644,0.06929943043137396,-0.10333191230299558
0.7969888736435434,0.7860669790417163,0.07406065284903773,0.06337093841178613,-0.0559741131570886
0.7966270745699684,0.7300647978782349,0.05879281303108491,0.05960707397504241,-0.05268106108470015
0.7948666153352579,0.6283306185076454,0.05725376760567279,0.050746886128069726,-0.043871214144814416
0.7594195328593822,0.5844185065832558,0.029633114547114467,0.06255954738342052,-0.03281812018444786
0.7594961199669109,0.5918337801983874,0.04665856620190776,0.0454397601845641,-0.025463095529779527
0.8079848801379085,0.6690812781152918,-0.03366272421723428,0.08991273371715192,-0.03377783222194096
0.7868431439057159,0.76667695958913,-0.00734324565062066,0.06549817938441865,0.01822333875153299
0.7859465867715538,0.8043179814468753,0.04476255671209469,0.06830423011505639,0.03999543396773213
0.7873628005018791,0.7821841227658449,0.07930539002789225,0.04561691123169519,0.053912426170245775
0.8009505100866239,0.7072737740474957,0.046925030834587406,0.05282605282789196,0.10247679664109449
0.7768812652118913,0.6103570326755403,0.07806750919426414,0.06968313580768848,0.09011509442152545
0.7861997932495904,0.5702421563325424,0.004420758887160177,0.015274231501980852,0.08415507667860217
0.8378458699899783,0.6185136947362821,-0.0615471713771029,0.04707568694871941,0.06546708279598426
0.8192058443244419,0.6586396536438983,-0.12396177659464919,0.03779217079762712,0.11809184988549598
0.8360271477989839,0.7742720782410569,-0.15082414143125103,0.026066906943943913,0.0966081342838864
0.8078867198615746,0.7659273965594011,-0.15801297286728816,0.06051800480503854,0.057913787890866486
0.8465556379330895,0.8242246637200159,-0.14839961496818144,0.02982368628351284,0.04553977322329325
0.8230859079938894,0.723482531623959,-0.046952706202705856,0.022837500574126802,0.010548860334873993
0.8213806214308513,0.6676513247588262,0.04674430565785882,0.06231771955045151,0.0023948964135752458
0.8171549266418144,0.6139805333394763,0.1343802355925212,0.0036587958707438653,-0.03005729929165623
0.7840598152125575,0.5980141973733069,0.26466199227289766,0.061160289514778976,-0.06743106900227139
0.7565052428445002,0.6115549756972626,0.22946138396971227,0.0614016786285103,-0.0891976541707295
0.7667482416124486,0.7152210809881325,0.20461258045470235,-0.0008696246810949021,-0.11570050398807014
0.8164301172602285,0.8148819964708793,0.07662944374440259,0.035754699189317604,-0.10499063518533788
0.8069925490805067,0.7726128595716418,-0.04358744420078531,0.0466881524409027,-0.07675782215263897
0.7730615726404406,0.7219363422831743,-0.16588765949473602,0.06226578349836245,-0.13048838563308734
0.7749453431333739,0.6830892067043142,-0.259692164136058,0.032543379467194634,-0.07511832393868403
0.8045517776572181,0.6147009344142289,-0.3145798114474161,0.041325590010157745,-0.059275607778449514
0.7848760974990785,0.5743404919958395,-0.25369850576470254,0.06121081110463735,-0.06033743442185525
0.7678344627098854,0.6164938351117936,-0.13724199179873145,0.030091344014394564,-0.05636582594401404
0.8253108618519229,0.6903784183412568,0.029683554952950303,0.06164240845983195,-0.012085185531184576
0.8157239114457772,0.7601972213235592,0.1602039594320448,0.07397575859700836,0.012886980810815327
0.7614289107457782,0.8030581492900526,0.2727586850120526,0.032706870593445556,0.05951203641310643
0.8099165377769012,0.7911845893240316,0.30676516403918586,0.06134591131321878,0.07848771837447222
0.8218945343915901,0.7202748214598766,0.24957778213665538,0.05840576519738496,0.07884998753866662
0.8296249365411759,0.6480564494753909,0.16113775102289524,0.037081491550064474,0.10682582452384662
0.822064154112136,0.635374134037731,0.0530901765056082,0.062083268934062484,0.08344171123889477
0.8034655039426264,0.6374732719499069,-0.11367523862142374,0.05453228100337682,0.09902764979620178
0.8094405241652503,0.6168742082136629,-0.22498876834232076,0.044104830394300784,0.1128060023383046
0.8120763462463707,0.7409121305376194,-0.2496873156490104,0.05269724501233364,0.07065217785301353
0.7946399182877197,0.7635746478191744,-0.2671861725591688,0.039970895247487495,0.057261585515162874
0.7863816457183777,0.7766999759638596,-0.17388420682553957,0.06672641153755798,0.009795755041312013
0.8132859737274468,0.7522339325653281,-0.0771771051838169,0.06589615977707342,0.008773127522591264
0.7648875064071161,0.6591638222500229,0.04282205521298382,0.07150523031212203,-0.0028758021050194933
0.7739896002518987,0.600949509487367,0.1571508635657372,0.056825242613907444,-0.04630484735272108
0.7393746197390182,0.6312337789613154,0.21408879705919756,0.057309835658213126,-0.029585339583927187
0.7917982689431251,0.6217490737575675,0.16976176506203944,0.040072027114119745,-0.06397984098819089
0.8003849493094388,0.7229927017140896,0.09214668943238519,0.062403258200739,-0.0889003264789331
0.7992140316060821,0.7954079697270602,0.06164395553155549,0.03501395054264936,-0.07923910365732025
0.8121731098617258,0.7987114191644417,-0.005431634810010319,0.057035003223689415,-0.07514577675031965
0.808814134895271,0.7355130210061881,-0.06653805282072944,0.034967022447801165,-0.07012677516970683
0.8130306477065669,0.687015325377325,-0.0498848591104603,0.027223951505595013,-0.10414545216488365
0.8212346463856096,0.6390989192298099,-0.06577474268582204,0.04935039409820277,-0.08235740889948515
0.8108341712484333,0.6073423266218281,-0.043335598076028534,0.07339325410562679,-0.0476685961457841
0.8427876875778311,0.6378991179220296,-0.007927450822578681,0.05729810388947354,-0.03949701735472092
0.8130285586997169,0.7061489605906968,0.013709248578266851,0.031012736311548574,0.0394007620142809
0.7897740918227995,0.7711585444290884,-0.016441229700693744,0.012386627875146761,-0.01266452457284126
0.8331760121598681,0.7749774567951543,-0.024642299451905908,0.010645208779757262,0.05223284585832946
0.8487697606448795,0.7708692805495473,-0.09269192128129841,0.04716251027225561,0.039073784482317866
0.786977317501686,0.7211500772166118,-0.0616608221539338,0.04598600456412967,0.06283019431670893
0.7979673774081434,0.5789312907197357,-0.06405949622891263,0.005521870261504053,0.12099960549292424
0.7801108198981411,0.6169148342440887,-0.024299875579783026,0.04256390377781559,0.09748695045803675
0.7806326299516001,0.6223156966923055,-0.003493851571072959,0.0690529208129109,0.10065575926913198
0.7847415195480947,0.6534474170652227,0.0823752263275327,0.04886032633316901,0.09995613587239789
0.7561427006184736,0.7332483654112916,0.1229898255797216,0.05060609549488838,0.0676262593979299
0.7744469265746543,0.7910288257030413,0.17981417393168428,0.02988632758449736,0.07066357805706634
0.7516595219464489,0.7987514044300783,0.11246539527907398,0.06861001741157413,0.0489735828641705
0.7724551073536716,0.729331922330931,0.056538369311970316,0.042240068650852274,0.012735144482268276
0.7645229018744207,0.6865276068908035,-0.04120795135605277,0.04629883206028776,-0.019728699516363437
0.7726384461232984,0.6177798070027407,-0.1691640962544967,0.08168640135835567,-0.03251560209650845
0.7656017863868361,0.5891629202528686,-0.2513754368193218,0.039245999539766374,-0.039606704533507564
0.8305674316621514,0.6424009942097461,-0.22460156473662388,0.0558706358863758,-0.08014493858250087
0.8219368867406405,0.7294205811864009,-0.1973229429813375,0.05977819083226538,-0.09206629344745366
0.7778310590183689,0.7990002731822453,-0.12458038609377256,0.06738957644480997,-0.12476905132567294
0.8070845784449456,0.8118290345830714,0.044567872691325755,0.0898051587461287,-0.08224515058333663
0.8065912280019386,0.7568266501958236,0.1544287213470082,0.057723366938323965,-0.10758712291857754
0.8052022477625314,0.6904565775944183,0.2722179112923703,0.06728794101974028,-0.06585127622340572
0.7872426696363694,0.6224466548946493,0.3106281846203329,0.05351215369357877,-0.057923325195669347
0.8268434194732189,0.6166371256624652,0.23496226977575874,0.020199914889441117,-0.022700639562367973
0.798263064177339,0.6118203990810116,0.15407372131207744,0.07412058074741727,-0.01629147727853621
0.8093629781897905,0.7120568538557627,-0.060229001507254555,0.06464856781280338,-0.01763526923695071
0.8043547754158301,0.7314066493315179,-0.1332983518066821,0.07215320204027405,0.0718528776666586
0.8157532011875684,0.80882333202621,-0.29050218659175364,0.025277492172020615,0.07309934117807251
0.7475222145576385,0.7821755805907945,-0.24359358245058216,0.04748016611870101,0.06887391064217716
0.8157509119025959,0.7125258403182102,-0.2558368252717386,0.08118006053318189,0.07122632942182114
0.8053763054778247,0.5985692881641351,-0.17997604785511892,0.0860038725862218,0.07407802769559417
0.792440189520807,0.6331057563290923,-0.012293963344409426,0.04245917020536674,0.13098340428557498
0.8314915046971836,0.6335354303509803,0.0842378134913917,0.04623593818284029,0.09374851589650354
0.7923438669126948,0.675639977945219,0.20494527351261577,0.02082001873006675,0.09731644198624403
0.8102492384339057,0.7573495140248021,0.24311363529704216,0.03596105497863478,0.094267253506909
0.7852317203746404,0.7763180086059405,0.23084981810128405,0.02518026960467743,0.06521672563925394
0.8288674880465349,0.800728168315578,0.14704488949163497,0.06215223999493513,0.04769859496674969
0.8151122244402979,0.7680141982108902,0.06314893371652212,0.034228505257074444,0.010181331280369198
0.8071563369903777,0.639625832937309,-0.06586897925133994,0.041798550166998884,0.002130520149291392
0.8613599142922207,0.6633724444146907,-0.1286536130526511,0.06107118747693982,-0.016045681830218882
0.8139040067091834,0.5961557691665699,-0.15513522880155506,0.04426982521971664,-0.06050340797206828
0.8191983568780737,0.6683727900486615,-0.16981083403247288,0.06954023439195274,-0.06991789448677838
0.8122347407409763,0.7083467730800443,-0.09464678234576743,0.04726042892217452,-0.09707649473945043
0.79664228678112,0.7922409052062698,-0.0373074761554138,0.06746253163590886,-0.09260158607073493
0.8168057878981074,0.7727499372930665,0.007931006446010611,0.03402727323524096,-0.0726538221158673
0.8147681920746548,0.7455986449572655,0.04421078031628685,0.05553512714202003,-0.08728270025942608
0.800907110667276,0.6828951310441546,0.0665305030126641,0.027779104702048665,-0.09144665628468128
0.7410327297252519,0.6098322435141561,0.04704650222854939,0.041185877673419385,-0.06942593159088783
0.8039796001809629,0.5953687278173183,0.021470089652967646,0.04453646913548045,-0.06933161224764783
0.773974102677635,0.6510643466820468,0.006421039297613448,0.09848097369052022,-0.029984064976778784
0.7556735317622139,0.6744582955879924,-0.004244760776863103,0.03882621414948323,0.025903094110488512
0.7930444888551162,0.7445396471231147,0.011210413891223722,0.09858781225237218,0.056303183428087475
0.7950766485199783,0.8007438579408677,0.060142444449533525,0.07250399792197784,0.013632847353437533
0.7673828209085235,0.7657675308541396,0.07433889960055327,0.06768091375602397,0.08308559800923937
0.8432683736891523,0.6924583422347137,0.08449760098120163,0.042705945744920815,0.08893060358289734
0.7758074690124867,0.643862130569514,0.06483701090770985,0.07215905628175831,0.06145288497128664
0.7715202857998094,0.5904839378140363,0.0017657021005188338,0.09200095383951948,0.10842503019763691
0.7886722765198829,0.622290011375747,-0.06823517347105262,0.07206514428509568,0.10602040999097682
0.8445963367453,0.6743358098536221,-0.11591054698867051,0.058583216012125926,0.10359674730943173
0.8155039958118329,0.7441510693612233,-0.13417757912208503,0.05027138709452634,0.05202642567255043
0.8125588662430362,0.7937408524733948,-0.14372116049386877,0.06072555491908475,0.04925569347456115
0.8177779759032368,0.8109475135415742,-0.1600644549650768,0.0483658213242805,0.045577370468106865
0.8042480617291727,0.7630945452106719,-0.08655490481839093,0.03948075939800591,-0.01939643341652597
0.7979504367793087,0.659995458945716,0.08788334226552982,0.05970115956763841,0.01735270779124541
0.79335603001139,0.5889179433606976,0.18673605324521808,0.03460795939461932,-0.029597816811028518
0.8141591104693485,0.5746685163276223,0.2182950291601884,0.05823823033040905,-0.06805405982518258
0.814228777825935,0.6071530695222028,0.24726741374546932,0.0821632612790374,-0.05005907779262162
0.7671424437144949,0.7013498696944794,0.20356154744610272,0.0592237112714048,-0.06625138464659898
0.788604219547269,0.7673863985151708,0.1219904145059669,0.03066744295444985,-0.10570106865236087
0.7967430144990786,0.7971780140953465,-0.044719095170399986,0.03721139268634561,-0.11834125007687452
0.7583649610098777,0.7211677486818867,-0.15586929527948856,0.06312181791605208,-0.07936436987754246
0.770927537833753,0.7160605006701858,-0.25744450973581623,0.026681145944130586,-0.029820110157773375
0.7630583768662852,0.6442197906379029,-0.2880920535234541,0.08200846805381562,-0.06336701539485706
0.7624237240938057,0.6251007343262037,-0.23022071284887852,0.0424171334981605,-0.0552198270172533
0.7958569174883012,0.6212874851120899,-0.1413077378343999,0.0508977927435007,-0.047000430907695484
0.7852773525733974,0.7048800252215923,-0.025626437410240725,0.05844039582549055,0.015765822431461737
0.8188029216703896,0.7495074242206885,0.16228900660862247,0.1170177946401923,-0.0003389094200648042
0.8111672665935433,0.8307988641548565,0.2415600869601422,0.05193194709040892,0.06086381685353123
0.8244328869915987,0.7527908230267755,0.3120609140717092,0.043911693512689566,0.07890344613096638
0.8131754720735056,0.7022608169056127,0.2682150572376117,0.04877134616724169,0.08948781460892663
0.8073000523482196,0.6696897922726767,0.14814456175194432,0.07123958268533281,0.09005827867509657
0.8172076676237676,0.651567517182094,0.04006057269097333,0.09297584887679766,0.14158792117226696
0.8160804172819672,0.6137326778713714,-0.11262740859620987,0.0393409625244152,0.09982876947904624
0.7976385951555175,0.6668463267699817,-0.19715743152226922,0.052929498462000325,0.12737089519296205
0.8147122489897018,0.6980327286705523,-0.25689762007860806,0.05553526047267057,0.0895389203209214
0.8149318971195298,0.8293146919600076,-0.2106252550904463,0.05178918055123736,0.08627849813898045
0.7969813142191202,0.7966463488064564,-0.17247032209149118,0.08878402445237142,0.027771005713366083
0.8225141127241816,0.6991336388584237,-0.061738791371663784,0.07541828975338058,0.022996710258112993
0.7711728799194871,0.6806146826010787,0.03707434796083358,0.08470276584172214,-0.011267017443795817
0.791390798038119,0.6217949203941819,0.11502606069317543,0.04522268164372014,-0.04067875066011043
0.7718253039894188,0.5978063559073767,0.1623100326087261,0.031154315302244346,-0.08282770373052138
0.7856714597476019,0.6406679052115724,0.1621849030682877,0.05023101451629624,-0.07464785228615002
0.7672206733208594,0.7394714952132089,0.12257372349329425,0.0344206227793645,-0.0458112530327185
0.8105467625014459,0.7891116992264902,0.04804271651846949,0.05181401972612384,-0.06184652524602871
0.7973400782276459,0.8079653979136209,-0.02294310422486454,0.06693624195473882,-0.10231944623778587
0.8238448899914628,0.7833084198814486,-0.0856723623612334,0.00039047379411386723,-0.056028651620659786
0.780858428351023,0.7113304757118225,-0.04866383845975668,0.05747946758149429,-0.08052269466141745
0.801885400861834,0.6381589378318695,-0.06625585431066008,0.08439328100242047,-0.0843364539127282
0.7983290238819374,0.6119030212389011,-0.023732052832414627,0.01618220066443788,-0.04917728424674245
0.8083822930200733,0.6059815949315432,-0.030377018278662384,0.0466070564620304,-0.01449156587838281
0.8061478060562836,0.6776908166596104,0.03028443734595842,0.016442981000054358,0.01540495239879289
0.8166103116401575,0.7848251649529465,0.004756238782089769,0.02271879054124363,0.029058321810703433
0.8158353970129422,0.8127467284117699,-0.04951975966623971,0.042985850782599436,0.048928415518157915
0.8109360077519185,0.7874149590962891,-0.04914216499627447,0.07804828184359522,0.08110794363460265
0.795069862417262,0.7293402671528484,-0.040651685392019896,0.07489010357159787,0.08720596297694104
0.803748503557773,0.6301414078365544,-0.058023107369850495,0.046398594013650894,0.07502945747938392
0.8113319700231202,0.6130697435716067,-0.04786749950364059,0.06627835317955234,0.09735665058160836
0.7701987836343722,0.5957895872065345,0.05615820930367379,-0.007798457364989797,0.09851019868744725
0.7838374326125398,0.6763786140867621,0.1483074617922588,0.04232793757957009,0.08166198442733334
0.7794974518905792,0.7667618864087269,0.12595615624610365,0.046235138537911336,0.08618268092229112
0.7893670926844752,0.7815683622718921,0.18820163052637878,0.06456237848567954,0.06186320070565687
0.7797016979786217,0.8295408639165386,0.12624691317415573,0.03914306650283033,0.024135206146177344
0.7835063640406008,0.7594940451462643,0.04924863320431397,0.03867184446967303,0.03840830628862029
0.7684223793095876,0.6906296878199355,-0.05055144011718944,0.03924637923347487,-0.02006153832095177
0.7942537368936942,0.6052941667285764,-0.1579893990140052,0.07015314296500164,-0.03175056960468217
0.781562310214018,0.577115359620667,-0.21357050914025957,0.06700587820624496,-0.060956736309807795
0.8164944248507804,0.6378528359753236,-0.27210309954158696,0.052592400674933475,-0.09172646101545959
0.8096913263601188,0.7359023281493847,-0.2042825665573958,0.07871510235703916,-0.07927198770310173
0.8169775082397919,0.7788527318826006,-0.11863842435604197,0.056866440298765426,-0.09327220216920852
0.8011973229840973,0.8126560284400415,0.024745326136801027,0.04649939878845672,-0.08509477885222355
0.8360751515988338,0.7617876235768156,0.2271565841651384,0.0442062934927866,-0.05676712587624275
0.8328674085045467,0.6756716015795511,0.24600100725031687,0.014963863382772544,-0.08290446316209397
0.8334108184684954,0.6416329815036136,0.3030817798736686,0.058643287639166,-0.07241775109851635
0.8563034266641136,0.6272322211559288,0.25742749317566593,0.06757163741510644,-0.1054076900376448
0.8051299522416374,0.6169023051603897,0.1058418892432374,0.06183696502555794,-0.014109994401241834
0.8240680567161562,0.7102381524404131,-0.022944346350607762,0.10322411894398942,-0.013113333826715251
0.7913431039840231,0.7715865941759389,-0.18056513162599436,0.04108987797284325,0.010045862431083494
0.7961260408709561,0.8054202660350541,-0.25435859713490533,0.020523197854936795,0.03686317186821667
0.7911264086647603,0.774969174966338,-0.32039772284950235,0.08039576771913741,0.077623563696121
0.7862707049412665,0.6874796947391638,-0.2808651298715513,0.07447350757042207,0.07906202824577127
0.7931651235704077,0.6694119499218152,-0.1984076805687439,0.026225127457056432,0.09007669190571904
0.7749001420673118,0.5808994375855316,-0.02149567698000603,0.03977225008273144,0.09367704294443492
0.784638305744131,0.5981546806867695,0.11186401252622127,0.030516840343013524,0.09768488765479634
0.798950487900987,0.688256423131979,0.23228890055147336,0.050842512907447575,0.0841337989106081
0.8287767381132709,0.7517728634070063,0.24529428227793376,0.033341401982587664,0.0626920072620318
0.7831528666203514,0.7791849107906332,0.24558803491842046,0.055890499785615756,0.03737506080086398
0.7700576874798402,0.7773317577169909,0.1808277886019658,0.06090404440328979,0.05567352540903555
0.8020739952228957,0.7336385054517294,0.0962269452094025,0.08195541663516653,0.022268923129661625
0.8179789085471147,0.654465901132152,-0.07606301547872585,0.03537809267468359,-0.01326816762398469
0.8225206721899768,0.6224478212343951,-0.14711085755420267,0.060674062160674176,-0.05002056467378756
0.8218443557157348,0.58160996600535,-0.18732423475134444,0.06776187146831796,-0.024399033822881666
0.842676932779479,0.6590910461728274,-0.1856333150057845,0.0535905234959967,-0.08512586994095467
0.8357013357431765,0.7554796850741159,-0.09707044770189253,0.08308899299338621,-0.07706503535971715
0.8107703469468237,0.7884600364014788,-0.03245927583487594,0.06134257787054999,-0.12224776255423962
0.7967893974324556,0.7804628569098789,-0.014114804875154239,0.05712589597580582,-0.07820721217062097
0.7930798223723505,0.7443177555937512,0.032776198305237036,0.0984220948417445,-0.08116459602317037
0.7866935770528498,0.6883399661650118,0.07378038451040594,0.041894676266115316,-0.10198643014953479
0.7837323054775878,0.6104643939780945,0.04626937412648932,0.08233831901685813,-0.06679119619962359
0.7523666488816413,0.6248893725972361,0.0363269545685712,0.044608971115277465,-0.06870421639356261
0.7717580548012444,0.5947376154578712,0.005693348680252584,0.0717920665538895,-0.03123097154525052
0.7715023995740807,0.7327792563604757,0.02120032878524338,0.07634131115720465,-0.025646837359818278
0.7772012619601375,0.7279549143224406,0.03160904617228748,0.07895274810756789,0.02867788979634193
0.7787336598640986,0.7989824953771615,-0.00485028096131649,0.08835499568749683,0.06846134571276849
0.8016844377867011,0.7553918801869679,0.08322916798387481,0.04514698709579627,0.05541714112824972
0.7831807929932418,0.7289369881319208,0.05787015976265273,0.03237006325298752,0.07664836354621841
0.7912284459713816,0.6257408012392119,0.03181004018499595,0.06012914614612194,0.1013609053916384
0.8170191149808589,0.5791099179709766,0.025899602828501206,0.06077115477230682,0.06417460578372458
0.8070494081109647,0.6087667078068206,-0.0666159118838447,0.0509117844850166,0.1007036734019729
0.8205094344244123,0.6669108372082363,-0.13650405803241808,0.10052816893875016,0.08099870365876542
0.8324078442930254,0.7094747647644644,-0.16480017675734704,0.051321629234331256,0.07761870733156637
0.8284393898955612,0.8041959745050143,-0.1404811733593065,0.02134884967442882,0.0041165729017709485
0.8240243792855898,0.7426301954197111,-0.16726228872473933,0.030916771931733436,0.015284908504308668
0.8122515087339828,0.7603392015132062,-0.07189844851777757,0.053108502417783636,0.005827885931389273
0.825393587107714,0.6565862472334707,0.02055520656572101,0.040480376843051044,0.0026112884710072157
0.8096913387127986,0.6285774303396849,0.13414118019384239,0.06499868600870684,-0.06338717750119019
0.789902944978765,0.5928831846680582,0.2278550470875215,0.05833624573071053,-0.08566699540135589
0.7908034763725209,0.6359624912536258,0.22241599040595836,0.058524056318991574,-0.08354285228772403
0.7638817074077002,0.7379039515452654,0.20876932091327832,0.05729028514163152,-0.10098174515847233
0.7645885406295633,0.7727499973987381,0.10204311114816482,0.056717937092885695,-0.093608652794619
0.7433207089385262,0.767276603452859,-0.020515471806067196,0.03861690758187017,-0.11540224633715733
0.7664013723678618,0.7570369877157984,-0.12930438961823004,0.07321691702550817,-0.09408830243490497
0.8076897781067146,0.659925284529207,-0.28268954680712516,0.06575882507112737,-0.1052163735811884
0.7726898833126358,0.6226905312791021,-0.3037234134808416,0.030724232599997826,-0.06766423799830312
0.803995111296204,0.6277761171827924,-0.26338713651189427,0.05528013564719637,-0.030461981777616595
0.7937506630280452,0.650798656915849,-0.15328423550675796,0.06898911726759177,-0.03695464694869155
0.7859890235381692,0.7000370346228497,0.008067247662959263,0.0790270267601083,-0.010218458744286833
0.8329459301900569,0.7651403360348276,0.15623766678114032,0.061460302744139134,0.052590522744713986
0.8233998220173119,0.7934669649162849,0.2411818340970675,0.07100674796209078,0.030791338754068278
0.7811443285818963,0.7643004163621456,0.3207387542179545,0.016412670231287105,0.046692353531501155
0.839849174289637,0.7196348010128841,0.2574873272962569,0.05183913643546477,0.051773964516297524
0.798504170095535,0.6380637728493105,0.1653873427339109,0.05827116791866213,0.0777156969187302
0.8154628513942507,0.5941372918879169,0.017161321892675434,0.038723267932429514,0.09698718676761557
0.8295426083211767,0.6209681622428779,-0.0865672094729643,0.0596572722456888,0.0884847287747418
0.8057586418338667,0.6347634766540203,-0.18764753806249268,0.05477182266478254,0.13348317925437558
0.8285592209998431,0.7873049710074813,-0.24875569960830365,0.03672180308420704,0.06016225036509079
0.8152252752102637,0.8077083284797789,-0.27388646134292666,0.07079794356595147,0.03937013573354571
0.762282147902762,0.7626074388205583,-0.16311281032907227,0.04556364993415879,0.03384911080047776
0.7787956118254746,0.7391133854937338,-0.042520656513029796,0.049915949959707946,0.0353010035128543
0.7894611347769284,0.640605841754747,0.04272627564029515,0.07577319214577186,-0.02205831896519285
0.7694788960487962,0.5987319279430198,0.12896946321240593,0.04190911951326783,-0.03412077217140561
0.7756744698763772,0.5869921599021963,0.17795622217563986,0.08110342559348216,-0.05551351431855514
0.7969745679018758,0.6736618492866296,0.12151290746637644,0.06068177875492611,-0.08618721021802576
0.7901552862461704,0.6864543193736613,0.12725339910383604,0.03272930347660523,-0.09197991468951579
0.7698319142510535,0.7773449244885446,0.009147973885276842,0.018474409701914087,-0.12229709440758103
0.7973117874995735,0.765247465797267,-0.011930676954228689,0.04736880246072073,-0.15094532422824433
0.787754607297802,0.758369532803193,-0.04299149525707713,0.029480160692665024,-0.10450682947741116
0.7818764927029225,0.6811125162816838,-0.07754536337205323,0.019099784530513666,-0.06739578932848153
0.7891545880458083,0.594814277371137,-0.04676048208750223,0.01613116109554543,-0.07007412382389551
0.8219194506295173,0.6289920154526442,-0.02186950554971767,0.030331960225050462,-0.0695946408398469
0.8184588562060318,0.6628141477542935,-0.01970951076820191,0.03066128033507324,-0.03101503573192454
0.8201086361711686,0.6887163499484235,-0.00848757176917474,0.04323131161601264,0.02516779544435639
0.7960969493684551,0.7788932744341784,0.00700298210883505,0.015157318588265283,0.004644246172276274
0.8125017488877474,0.7968265392695644,-0.02561723808515906,0.030120529573522497,0.04891748331553443
0.7910123528908679,0.7819201384362647,-0.044093685954041104,0.029101533665790144,0.06983177980248813
0.7876524632161658,0.7431759426384954,-0.05928967813480566,0.027625415817698694,0.10189153115939464
0.796697464864192,0.6358486624949727,-0.06587726677462453,0.07016029402142812,0.0818160261715111
0.7661518510860921,0.6376146245984883,-0.034980861453367054,0.051173346434743985,0.1227994968141384
0.8016296402814929,0.6098033103811911,0.02659427300432022,0.09044642001387354,0.088664935030523
0.8335573171379594,0.6732599325966426,0.08464027217397178,0.06520615682465387,0.10434765310681544
0.7901553346559116,0.7859617161611754,0.11772447406915407,0.05867236060111116,0.09780761725806064
0.7591419372200899,0.8006099955759579,0.1559046074546482,0.07820860522188511,0.0928212741532989
0.775555159391067,0.7498438725724557,0.1128877425817358,0.07824668876073522,0.07190505456547155
0.7527109012408562,0.7413085127665546,0.05235864578886705,0.023971532835542764,-0.0071275201888314505
0.7806919673283058,0.637550480135227,-0.058951808847037934,0.041625541603579536,0.016192529119801347
0.8039659388238892,0.5762652368761375,-0.1507728014923059,0.05424808987062697,-0.0673347845111143
0.8117876953237158,0.5860414910995738,-0.20830965989189193,0.06521962458832412,-0.06942036575524735
0.7855454848103303,0.6583462402056105,-0.2684303848185258,0.06554830967976542,-0.07175489317108834
0.8177386181155818,0.7026016356682403,-0.20756663369164474,0.02911238463462919,-0.11694894815302817
0.8393085003876076,0.7564076223735445,-0.10754143684962383,0.06723625143740838,-0.09699698223749763
0.8541229620278851,0.7906334944296446,0.017488194028718075,0.06799851721538865,-0.08997510530521766
0.8059841023460259,0.7668707381946132,0.1438449241337335,0.04010512898724328,-0.07773246051872595
0.8017371300843175,0.6735391109626894,0.26411304801406355,0.033478076769443796,-0.08791741703600173
0.8172686572699072,0.5968199480165066,0.299375876132218,0.06676497581242233,-0.04356279064515378
0.7531939015944824,0.5567434748769287,0.2457554772753852,0.044827163445920255,-0.04720195993177647
0.7955596598644811,0.6160212396486979,0.1554880435188019,0.06887121108615789,-0.008113034269158274
0.7945805006137576,0.7168861688331084,0.006236188739017645,0.07025064355213523,0.020217684389684035
0.7846328203617436,0.7884965150159239,-0.12400764907614617,0.055649715831910175,0.0618733937093527
0.7565668303909006,0.8155989018736042,-0.2504357923026345,0.01763595321730627,0.04614615732965759
0.7789086379579085,0.773545499433314,-0.2910408421831542,0.026826394269994457,0.07974360943807027
0.7654466972729833,0.7151203510308395,-0.24050416124990864,0.00655857112828654,0.08252991643685094
0.7951496611691625,0.6665755436815449,-0.17633741292988125,0.03172209734062521,0.09152558743401525
0.7626093733256416,0.5843977263831913,-0.025718615336287186,0.02315473403773353,0.08303070480015126
0.7781727575172765,0.6228487189712266,0.11983361482431894,0.07158488540693231,0.1181988944843688
0.7835853364517817,0.6377130833628378,0.22061499825994918,0.05291842022984271,0.07154544180701179
0.8051710885389916,0.7618213206524982,0.2654486386801858,0.03510695656497241,0.05271724256991578
0.7490819079926783,0.786084790854661,0.24332782308973994,0.016084404144292616,0.05551018210019456
0.7993678411715784,0.767370076546136,0.15259359772788025,0.07734991699956635,0.025828050946884593
0.8269480080313234,0.7522691342338048,0.07407493416850161,0.024756858576825913,0.05824362261708439
0.8089465751429671,0.6409628456882352,-0.061129378615305,0.003315852356518427,-0.007318312106987996
0.7884823909981442,0.5921716611910768,-0.13930720096476193,0.030139481689636576,0.007295298075740968
0.8265319634516792,0.6356307168008642,-0.17195171871939158,0.018094581512191937,-0.08696570941743244
0.8257548684507735,0.6309041309028335,-0.14705957784206622,0.06508124127585077,-0.0913733015621688
0.8107705520483522,0.7117488881818115,-0.07916913829431478,0.030095048657593104,-0.06337128461098526
0.7885597909000149,0.7707677026699344,-0.02059620087576913,0.06273290330166684,-0.11087818532639206
0.7913668369769575,0.8139247441193947,0.039329286490743805,0.08436706465645834,-0.11332964919381065
0.793724869821272,0.7220602912828636,0.06832724610032316,0.03747876095334497,-0.08448612152875226
0.776309002997336,0.7124745903033319,0.07061837518598461,0.05493112705696752,-0.09845304693351739
0.7498407279870914,0.6180815984418156,0.03875354578941097,0.0966236395046776,-0.08252504464659854
0.7684339241338779,0.5938600000610936,0.020083508564953466,0.05393843184381965,-0.03270623175805805
0.7797439909846615,0.613611661068992,0.011872094921071783,0.054690801246436035,-0.030549175067865184
0.769858798654169,0.6970909734466484,0.03414360315088421,0.05377052293958278,0.00277051527543156
0.7794674128913286,0.797862581042757,0.020647154300869816,0.044821785868679916,0.0478020692720299
0.7854928196917597,0.804059720571755,0.03920461111171926,0.04342187690520383,0.07309131887836047
0.8061758049614369,0.7584005204402237,0.06773541564920602,0.07935417732662474,0.08562432428950552
0.8378961425815319,0.7055862201034339,0.04070198502015764,0.08209247553203618,0.12433035003171812
0.8146355768025275,0.6519105361023481,0.04128711262727658,0.03784339640253469,0.08783772083526784
0.7780937689565216,0.6034777763708805,0.02417137751090019,0.09439142606603687,0.08136406092099895
0.7586168060998034,0.610420995618925,-0.026549504781228066,0.08544319637038877,0.13461449300440598
0.8142910965141126,0.6872224695464129,-0.12322074948852427,0.044449051949909196,0.09808204149819202
0.8204488990310626,0.7553971011123874,-0.1467211661159121,0.01564530367094874,0.07177237470962786
0.7967625338833085,0.7735513313341482,-0.20535281633653688,0.026473261848617653,0.01616353636930668
0.8244617730699448,0.7521843782008383,-0.12081518850777846,0.04112861502209132,0.05805670185984041
0.8008415481301231,0.7468222193330825,-0.02251866698381074,0.0387902476377765,0.02953383200142689
0.8198090997014825,0.7003364271580996,0.05038530384199332,0.07666454838621892,-0.026975743498381458
0.7996699764280619,0.5931026668680733,0.14593554484215102,0.01567592682604903,-0.028850806126047335
0.8079492518144926,0.6020741140253636,0.28433518368187904,0.03819745650053129,-0.04020794188212017
0.7589557562303935,0.6789062602399251,0.2498046737627746,0.03622153548198055,-0.10372964742193468
0.7794749574521649,0.7596616680252515,0.23023299141710887,0.05645987085024081,-0.0754059921725154
0.7808477399830505,0.7857375103037321,0.08693779804700506,0.035636132102646344,-0.0937523879927464
0.7524813751720981,0.8232232305541676,-0.058725473137240414,0.035345825725957944,-0.11791056104089416
0.8176467651645346,0.7737912046435325,-0.19829442502141006,0.04153172182304633,-0.1030922156333329
0.7701634014321864,0.6763503620362077,-0.2429984133969104,0.03390274820584263,-0.09265161489036561
0.8116190946926685,0.5825724433640088,-0.3272565822781146,0.05564764375316028,-0.0823227060641276
0.7749574531317491,0.5820087759252325,-0.291211580640097,0.05733972263539465,-0.05518301871694165
0.7892202370028814,0.6389298760352456,-0.15650779591142147,0.030715700857081266,-0.06266569707997358
